a	30436336
e	26285911
i	19183450
n	18111872
r	16849487
l	15658420
s	14947362
o	14631790
t	12181305
 	10389292
m	9546229
h	9393752
y	8525416
c	8383850
d	8297077
b	6164014
u	6127226
k	5850226
g	5233627
_	5075483
p	3788261
j	3513102
f	2972720
w	2846319
v	2629419
z	2288361
1	1657530
x	1534252
2	1189204
.	997771
0	899991
3	849015
9	715452
4	616982
7	509444
5	498204
8	488115
q	450274
6	420465
️	340039
-	214126
'	189362
✨	177603
!	146822
♡	140379
❤	121784
♥	120459
)	114647
:	113176
$	106632
™	98368
#	94606
(	89281
*	72305
•	66283
/	64611
α	58742
|	52762
ا	50605
✌	50292
,	49718
@	44680
‍	44416
~	43976
é	43490
👑	40646
&	38311
ي	36649
🌻	32614
ل	31251
☆	30308
🦋	28285
⚡	27945
†	27902
ι	27438
🏾	26788
🖤	26556
م	26084
★	25874
ㅤ	25673
є	24148
;	23695
ر	23471
ن	23366
⃣	23189
’	23141
®	22755
🌸	22565
ℓ	22501
💋	22378
🏽	22243
♛	21493
❄	21368
🌹	21277
я	20379
♀	19878
í	19513
?	19474
]	19132
🌈	18927
и	18711
[	18576
💕	18499
⚓	18152
^	17533
∞	17205
☀	17093
🎄	16953
❁	16735
♔	16698
و	16421
ø	16392
á	16374
🥀	16330
ñ	16260
💜	16090
⠀	15697
н	15577
د	15551
⭐	15524
σ	15279
т	14419
♕	13906
✈	13881
ε	13687
ツ	13638
ѕ	13445
☮	13382
м	13312
🏼	13132
💙	13100
°	12958
🏻	12763
🇸	12616
♚	12462
〽	12138
🇺	12087
ه	12034
©	11985
💫	11807
س	11649
ب	11266
δ	11194
☯	11152
☁	11015
ë	10995
🏳	10833
🇬	10811
ع	10642
🌙	10623
🔥	10611
а	10371
💛	10292
η	10281
ᴀ	10191
♂	10174
☺	10024
ـ	9973
💰	9932
ღ	9771
❣	9671
+	9654
❥	9533
€	9281
ł	9146
к	9094
🇦	9049
🇲	8878
у	8845
𝒶	8818
▲	8793
è	8748
⚾	8739
ä	8694
🏁	8691
🇹	8666
♠	8631
в	8620
😈	8614
ح	8572
ó	8567
ف	8561
🦄	8499
💎	8452
ᴇ	8284
𝖆	8225
𝑒	8186
ً	8174
🌺	8125
♏	8092
🇭	8071
ɴ	8034
⚽	8007
ö	7906
🇵	7882
£	7735
¥	7709
υ	7617
ɪ	7540
ɑ	7493
🇳	7408
☾	7394
ʀ	7384
𝐚	7291
ü	7287
🇨	7262
🇷	7250
✊	7241
👸	7241
✖	7241
✞	7167
𝓪	7129
`	6968
\	6964
ï	6946
🇪	6816
☠	6814
🇧	6805
𝕒	6769
ı	6750
♊	6740
🌼	6719
å	6714
♌	6654
🤘	6549
ة	6547
𝖊	6535
ت	6494
💖	6474
ش	6461
🕊	6389
🐝	6378
𝓮	6370
♋	6314
λ	6310
💚	6266
ⓐ	6255
=	6217
✝	6213
ʟ	6190
🍒	6166
☃	6136
‏	6014
✿	5962
𝒾	5959
♪	5890
	5831
♍	5806
🌊	5758
𝕖	5632
🌟	5544
🎃	5536
🧚	5522
𝐞	5517
𝖎	5515
❌	5503
♎	5485
ⓜ	5456
о	5434
🎀	5396
⚜	5369
𝔞	5337
✧	5315
☪	5291
‼	5281
🇮	5273
♈	5185
❗	5181
е	5166
𝓲	5161
♉	5159
}	5138
ǝ	5057
{	5022
💯	5020
ج	5020
ك	5012
ひ	5011
𝚊	4986
👻	4951
🌞	4937
☼	4933
¡	4931
ⓔ	4930
ç	4924
♐	4906
ω	4876
∂	4849
𝓃	4798
➰	4783
👽	4753
‎	4719
ã	4690
✰	4683
ɐ	4680
𝐢	4642
💸	4638
	4615
̽	4607
💗	4595
🤙	4584
🇩	4556
ᴏ	4543
ز	4532
ॐ	4529
𝖓	4522
♫	4483
∆	4452
❀	4424
р	4411
𝕚	4374
♬	4341
♒	4326
🏴	4312
🎅	4261
ę	4243
𝔢	4236
𝓁	4212
»	4170
·	4160
л	4158
”	4157
🇴	4106
☽	4097
💔	4095
ρ	4073
ÿ	4064
♓	4062
𝓷	4057
ᗩ	4051
𝚎	4043
ー	4040
🇯	4037
¢	4025
⛽	4025
ɛ	4005
"	3973
с	3967
💀	3954
أ	3941
𝐧	3920
“	3894
𝖑	3884
š	3867
♣	3856
🍯	3829
̶	3822
𝓇	3812
𝖗	3812
︎	3808
ê	3800
💞	3791
🦍	3781
🚀	3773
♑	3754
🅱	3751
َ	3750
𝕟	3746
𝒂	3736
😎	3726
¤	3706
î	3703
🧜	3688
󠁧	3682
«	3678
𝖔	3662
ú	3650
ʏ	3628
🦁	3602
🔮	3596
ν	3573
τ	3572
ξ	3544
§	3541
🦇	3516
🐐	3499
👩	3498
ａ	3488
𝔦	3487
â	3453
🏿	3450
ᴛ	3447
ⓘ	3446
🔜	3419
🍑	3417
♦	3411
⛄	3403
🥶	3399
🇿	3386
น	3356
🥰	3334
à	3321
𝓵	3316
𝓈	3308
𝐥	3304
ق	3297
ⓝ	3296
🇽	3296
𝑜	3292
🍍	3291
ン	3262
🌴	3239
🐺	3226
🌱	3224
🐾	3219
𝕝	3212
🍂	3208
𝖘	3195
𝓻	3186
이	3156
𝕣	3131
🦅	3128
🤪	3127
🇰	3124
🤴	3101
æ	3094
𝚒	3082
🙏	3071
🇱	3070
อ	3069
💦	3049
ß	3038
ʜ	3016
🐍	3009
​	2992
𝒆	2990
𝐫	2989
ℳ	2978
💥	2945
🍭	2925
🌿	2922
🌷	2917
🐻	2900
🍃	2892
π	2883
ｅ	2877
𝕤	2860
𝕠	2857
𝔫	2843
🌵	2832
เ	2823
	2822
ط	2807
△	2802
🧸	2797
𝓼	2792
ⓥ	2791
д	2783
𝚗	2779
☕	2769
ᴍ	2767
🍫	2763
󠁢	2757
󠁿	2753
⋆	2746
🧡	2742
🍁	2740
✩	2731
ⓡ	2728
⭕	2724
🤑	2723
𝓸	2711
💓	2709
𝙖	2696
ⓢ	2693
🍀	2691
･	2691
𝖙	2685
¯	2669
𝐬	2664
🎈	2655
👨	2654
🤍	2634
𝐨	2633
🐉	2630
◡	2622
☻	2615
🕷	2611
🐰	2608
𝓎	2606
%	2604
̈	2592
😍	2589
ⓛ	2589
า	2586
خ	2579
	2575
ᵃ	2567
🤷	2566
🔞	2560
ᴅ	2543
𝔩	2539
❃	2519
⚠	2519
̴	2506
💪	2493
😘	2484
𝔯	2481
𝒊	2479
💍	2475
📌	2475
●	2444
🕸	2421
☜	2413
ص	2411
✗	2394
͡	2390
👅	2389
🎉	2384
🦂	2384
β	2381
п	2378
ᴄ	2376
👁	2370
ᵉ	2342
🏆	2330
×	2330
🐘	2320
🌎	2320
ร	2314
❂	2310
☄	2303
𝓉	2299
ﾟ	2299
𝙚	2296
⚔	2280
🤩	2255
🖕	2254
𝒽	2253
⁶	2253
̷	2250
ッ	2250
𝚕	2249
κ	2241
𝚛	2240
ς	2237
ē	2233
🍓	2232
ì	2229
ɹ	2221
𝖍	2216
𝕥	2204
ม	2203
🌐	2196
💘	2195
𝔂	2190
🎶	2174
💅	2164
ɢ	2163
🅰	2161
ā	2155
ّ	2155
ง	2151
ч	2142
𝔬	2139
	2132
𝕪	2129
𝔰	2129
💲	2126
◕	2121
𝐀	2117
☔	2116
♿	2098
ℒ	2089
ć	2078
ค	2064
ⓞ	2060
아	2057
ｎ	2049
イ	2036
𝒏	2036
🏀	2034
ア	2032
🤟	2031
ᴜ	2028
𝘢	2010
˘	2009
ｉ	2006
ń	2004
𝖒	2003
リ	2002
ś	1998
💨	1997
シ	1994
𝚜	1987
👼	1984
ī	1980
✯	1972
☹	1969
ο	1959
—	1954
γ	1953
ˢ	1949
į	1946
｡	1942
ʝ	1941
❕	1938
리	1935
☥	1934
ा	1925
г	1925
ى	1922
ⓨ	1912
ℰ	1911
ℯ	1905
𝓽	1900
𝐭	1898
🤞	1896
ş	1894
🗣	1891
☝	1883
ス	1875
◞	1875
ⓣ	1872
🎁	1871
آ	1869
🎒	1868
¿	1862
ᴋ	1859
𝓂	1859
🇻	1857
🔱	1853
้	1853
🌍	1845
◟	1845
𝖈	1843
غ	1839
▼	1835
ί	1834
󠁳	1833
ิ	1832
𝕙	1824
з	1824
𝚘	1815
🧢	1810
ᴬ	1803
ル	1794
𝐲	1792
ย	1787
🐶	1784
。	1784
ð	1782
🐼	1777
𝔱	1769
🔪	1768
ｒ	1763
	1760
ą	1752
ี	1752
่	1749
🥵	1745
‘	1743
̮	1741
💧	1740
˗	1736
̲	1730
ی	1728
✭	1727
ɩ	1714
ℕ	1711
²	1710
𝓱	1710
𝙞	1708
‿	1706
𝐡	1700
ʙ	1695
´	1686
🛸	1684
ラ	1675
𝖚	1671
ϟ	1669
🔌	1667
🥂	1665
𝒍	1663
🥳	1662
ก	1656
ɾ	1655
č	1646
💁	1643
҉	1635
ᵒ	1634
ء	1628
😇	1627
🦉	1621
🇾	1617
나	1612
𝐄	1609
🤠	1608
ə	1603
𝒓	1598
˚	1594
ғ	1593
👹	1592
ꭵ	1592
📸	1592
𝘦	1589
ⓗ	1581
ｓ	1576
ƙ	1574
🦖	1574
🎤	1574
🐯	1571
ƒ	1560
й	1557
𝐦	1549
𝙣	1543
𝖉	1542
ɔ	1536
🦊	1530
🦈	1526
🎮	1524
ｌ	1517
	1516
ô	1515
🏹	1512
ʇ	1510
𝕞	1501
𝚝	1499
ꭿ	1499
ҽ	1498
》	1498
ｏ	1493
✘	1485
𝑎	1483
✡	1481
	1480
ِ	1476
⃒	1475
🤤	1473
ล	1472
ُ	1471
đ	1464
𝒸	1461
ⓓ	1460
𝚢	1456
	1454
🍉	1453
ⓒ	1453
ō	1452
🧘	1444
🌲	1441
🎭	1438
б	1435
𝓊	1429
🎗	1423
☘	1419
μ	1419
🧞	1415
🃏	1409
𝔥	1409
	1407
▪	1407
←	1406
✂	1403
🐱	1403
¹	1402
💻	1393
	1389
र	1388
ĸ	1387
⚫	1382
̸	1381
ว	1376
🌚	1375
🎨	1375
🤫	1364
ɳ	1363
θ	1361
ℛ	1361
𝒔	1352
ᖇ	1351
〰	1349
ʎ	1345
𝕕	1345
𝓶	1339
😜	1339
🍋	1338
ؘ	1332
𝒐	1330
𝓾	1329
👌	1326
🐢	1322
𓅓	1321
ⓚ	1321
𝓛	1320
・	1319
𝕔	1318
𝙧	1309
ψ	1309
𝒹	1301
𝒜	1296
☞	1293
라	1290
🍾	1287
ั	1277
	1271
𝘪	1271
𝐒	1268
▽	1266
𝐜	1265
ყ	1264
𝙤	1263
𝔸	1263
✪	1261
י	1261
𝐝	1258
彡	1257
ė	1257
ᴱ	1255
ᔕ	1253
ク	1252
→	1251
𝚑	1246
ْ	1245
지	1245
🇫	1244
𝙡	1242
니	1241
𝕦	1240
🌬	1240
🏈	1238
❦	1236
⌣	1236
🎧	1234
김	1234
ⓑ	1232
ʳ	1232
💵	1231
𝐮	1230
ɯ	1227
ℬ	1226
💃	1222
ᑎ	1221
🌪	1219
𝔪	1217
✍	1215
𝖞	1214
͙	1213
ŋ	1209
➳	1209
𝓬	1207
😛	1200
😋	1197
👾	1197
ด	1196
⃘	1193
ɥ	1193
𝓭	1190
🔴	1190
⛵	1186
🗡	1185
《	1183
บ	1183
✋	1183
𝖌	1182
ᗰ	1181
📚	1178
𝐍	1177
ｔ	1174
	1173
̵	1171
🇼	1170
õ	1168
ⁿ	1168
𝐋	1167
𝓐	1167
𝖇	1166
🙃	1163
𝘯	1163
ૐ	1154
̥	1153
𝐈	1150
̇	1146
🎙	1145
🍊	1144
्	1143
👀	1141
χ	1136
ƨ	1134
🤡	1134
🎱	1133
𝓜	1133
ジ	1133
ò	1132
ᵗ	1131
⎊	1127
𝙨	1126
³	1126
𝐑	1125
ث	1120
💭	1119
ᒪ	1118
ᴺ	1116
ض	1115
🍕	1110
ん	1110
☂	1109
🅿	1108
🧟	1106
🦌	1105
ʍ	1101
ℜ	1100
	1099
🥺	1099
ᶜ	1093
𝔡	1093
ш	1092
🤓	1087
💉	1086
♤	1085
ˡ	1083
∩	1082
─	1072
𝔠	1069
φ	1066
إ	1065
ɨ	1060
💤	1055
օ	1054
マ	1053
ᴵ	1052
💮	1049
🌌	1048
🥑	1047
ʞ	1045
ᴘ	1045
ˊ	1043
ท	1042
💄	1041
ᴊ	1041
ミ	1037
ト	1035
🐥	1031
ğ	1027
𝗮	1023
ｙ	1017
்	1017
🪐	1015
ˋ	1013
ž	1013
𝕊	1011
ŧ	1011
𝒮	1009
э	1009
😏	1007
󠁣	1006
󠁴	1004
̊	1004
✽	1004
̅	1001
…	999
ᴿ	998
🍷	997
⚖	996
จ	994
➡	993
͛	991
	990
민	988
𝕜	984
╮	983
̩	983
ℐ	983
∀	979
⛅	978
⛓	976
𝒕	975
🏃	974
́	973
𝚖	973
⚪	973
ɱ	972
스	972
ʸ	972
𝔲	970
🎯	969
🎲	964
𝒷	964
х	964
🎥	963
ˎ	959
𝔶	959
𝑖	958
ь	956
🐣	955
𝑔	953
♨	952
ℂ	951
ū	949
🎂	945
🖖	943
𝙰	943
🦕	942
い	942
ห	941
û	941
𝕄	941
͓	939
ж	938
𝐌	937
ⓤ	936
ꭺ	934
🍄	933
◆	933
ナ	931
ˏ	928
🌶	927
🥴	925
󠁥	923
󠁮	923
🎸	921
➕	919
✦	919
カ	918
𝚍	917
정	916
𝐤	914
ส	911
🐲	910
ᴸ	909
ि	906
🔫	904
ｍ	902
ɲ	899
𝒚	898
♧	898
̣	898
レ	897
𝘴	897
ʰ	896
𝒉	895
♻	893
ơ	891
แ	890
ｃ	889
ｈ	889
💣	887
█	886
」	885
נ	884
𝘳	884
の	883
ά	881
🏄	878
👳	878
𝕓	878
ї	877
사	877
︻	876
𝓢	876
𝚌	875
😻	872
😊	872
미	868
𝓑	868
ř	866
𝓀	865
🐬	864
ⓙ	863
현	862
「	862
𝔟	862
ィ	860
ᴠ	856
ℴ	852
📍	850
𝙩	848
𝐎	847
🦒	843
𝓋	843
ต	843
ᵐ	839
ħ	836
ी	836
ф	836
𝕘	831
🔑	828
ן	825
🐧	825
󠁷	825
󠁬	825
⛳	824
🅴	823
พ	823
𝐓	821
🥃	820
✮	818
💟	817
😝	815
⚒	815
ⓖ	814
🐙	814
◇	813
ᴥ	813
✵	812
🌀	812
『	808
』	806
ｄ	805
𝐠	805
𝘰	805
🤶	802
𝘭	801
卌	800
🍬	799
⛈	797
𝗲	797
𝐂	796
ᴼ	795
╦	794
ℍ	794
☣	793
ℝ	793
ᵘ	793
⚰	792
ｕ	790
🥇	790
𝓰	790
𖤐	789
𝙮	789
🍇	788
🅾	788
ꭼ	788
¨	787
👶	786
🎬	786
न	786
͜	786
𝑛	785
𝚞	785
っ	785
💡	781
ʂ	781
𝐛	779
サ	778
┌	778
ѧ	776
フ	775
○	775
🐊	774
𝑀	773
ド	767
ʕ	767
🔆	766
𝓴	766
ו	765
𝙝	761
์	761
ʔ	760
☭	756
ｋ	755
म	753
┐	752
✟	750
ɖ	750
ป	749
ロ	747
ⁱ	747
𝐃	746
ƭ	745
ƈ	745
𝒎	745
🍳	743
𝐇	742
𝖕	740
ุ	740
ᑕ	740
̤	739
🍌	738
💐	737
🌛	737
ꭰ	736
🤸	736
🙌	735
̀	733
๑	733
ᵀ	730
𝓫	730
キ	728
	727
ᴡ	727
╤	726
ニ	726
유	726
🎵	723
₳	722
【	722
】	721
⚯	720
ƪ	720
א	718
エ	718
╭	718
🐳	718
ʃ	716
⚕	714
ɞ	714
ה	713
𝒥	713
𝕃	710
𝒖	709
ý	707
ƴ	705
🐨	704
𝔤	704
デ	703
ᕼ	703
क	703
ż	702
	701
ꮎ	700
😌	699
🕺	698
ہ	698
🎆	691
ᴹ	689
𝔼	686
🕉	686
ɗ	686
ち	686
タ	686
𝓙	685
º	684
💌	683
🗝	682
🤧	682
ℋ	682
𝑙	681
ℭ	679
⇦	678
𝘩	676
𝕋	675
⁷	675
🤗	674
✴	670
ל	670
	669
ⅈ	669
🎓	668
𝕭	666
ャ	665
🐞	665
☤	664
𝒞	663
𝘼	662
տ	661
𝕯	661
𝗶	661
ᵈ	661
ヅ	659
ி	659
ᴰ	659
🤦	658
︶	657
🕯	656
수	655
태	653
ะ	653
ʊ	653
स	652
🍻	651
𝚔	650
🦃	649
🌜	648
	648
👄	647
🧙	646
𝓡	644
ذ	640
🌑	639
👊	634
ٰ	634
₦	633
🛡	633
乇	633
𝒄	633
な	632
ꮛ	632
🎊	631
ᗪ	631
하	631
ئ	629
ʌ	629
박	628
ㅅ	628
ﾉ	627
♢	627
🤖	626
ɬ	624
🎼	624
🧠	623
🗽	623
진	623
►	623
𝕂	622
👧	622
다	622
𝐉	621
🌾	620
🏚	619
𝐊	618
𝚋	618
⃟	617
👿	614
𝒦	612
𝕸	611
𝚂	610
ｂ	610
𝗻	610
𝑟	609
ᴴ	609
ղ	609
𝕁	609
🐷	608
𝙢	608
ช	606
̨	606
͟	606
🐇	604
💈	602
🎹	602
び	602
	601
💝	601
त	600
🔋	600
ᶦ	600
̯	599
◦	599
✏	598
ѵ	598
𝒅	598
🍦	598
◢	597
🍪	596
𝐿	596
𝕮	595
🌏	595
ไ	594
𝐁	594
͎	594
ᴢ	593
ⓟ	592
ल	592
🍥	592
우	589
🌠	589
소	588
œ	587
ᴗ	587
𝓒	586
ר	586
🍜	585
	584
ู	583
𝑨	581
ェ	580
𝘵	579
✺	578
🙈	578
✾	577
🍼	576
🚫	574
𝙪	573
ы	573
ђ	572
🙄	572
🐸	572
	572
마	570
ᵏ	570
▫	569
テ	568
ζ	568
𝕡	567
😤	567
👦	566
𝒟	565
έ	565
𝔹	564
𝓚	563
𝘺	563
🐈	560
𝙼	560
˙	559
ཞ	557
₩	556
愛	555
🍩	555
👣	555
𝕽	554
🌨	554
∕	553
𝙴	553
𝓓	552
‧	551
ƞ	550
🍎	548
𝐘	548
ň	547
⚘	547
🐚	547
𝐯	546
チ	546
📷	545
⚢	545
	544
𝕷	544
り	544
ù	543
😉	543
ˆ	543
𝚐	542
¸	541
𝔻	539
🦎	539
😁	539
🚶	539
◄	538
े	538
ಠ	537
し	536
𝑠	536
ᴮ	536
	535
ｇ	535
ᏸ	534
은	534
🍺	533
𝙻	533
𓂀	532
❋	532
🤐	529
	528
시	528
⏳	527
◠	526
𝓿	525
ꭶ	524
ダ	524
ц	523
ซ	523
ɧ	522
	521
𝙙	521
𝙀	521
⚧	521
հ	520
🕴	520
𝕵	519
𝙘	519
🔰	519
🚨	519
🧝	518
𝖋	518
🤯	516
ꮑ	516
𝓅	516
기	516
ℹ	515
☢	515
🌕	515
𝐸	515
๏	514
व	513
😂	513
ꮍ	512
🌮	511
オ	511
원	510
โ	509
영	509
ҝ	509
🏝	508
ᶠ	508
🏋	507
비	506
⇨	505
↠	505
𝐆	504
あ	504
🌧	504
ु	503
호	503
⛹	503
ɓ	502
𝕀	502
𝕾	501
🏒	500
𝙎	499
ʚ	499
み	499
🤔	498
㊙	497
🐎	497
🔅	497
ꮢ	495
카	493
❅	492
็	491
▶	491
	490
🧛	490
ᶰ	490
𝐩	489
子	489
ꜱ	488
美	487
ᗷ	487
ꮮ	486
і	486
ᴳ	485
ŕ	485
◤	484
╰	483
해	482
ર	479
🧬	479
𝓔	479
⍟	479
𝗹	479
ウ	479
）	477
ᵍ	477
ť	477
⚙	476
ʋ	476
𝘮	476
ꮆ	475
🏌	473
🍰	472
⁵	472
ꮖ	472
ꮶ	471
ª	471
🔺	469
ま	469
𝕧	468
̿	468
ɦ	467
𝗿	467
■	467
𝒻	466
💊	466
🗨	466
░	466
린	465
य	464
ム	464
ⓕ	463
𝑺	462
🧀	462
𝔭	461
⊙	461
か	459
ю	459
𝚁	458
コ	458
𝖛	458
	457
디	456
さ	455
𝖺	455
ᴷ	454
𝐵	454
𝘀	453
🦆	453
🦑	452
𝗼	452
🙇	452
ᵇ	452
ɠ	451
😭	451
ா	450
주	449
🌝	448
ϻ	448
る	447
𝓝	447
₪	447
ㅇ	447
𝐣	447
͏	447
𝒯	446
※	446
︿	446
𝕫	446
ブ	445
メ	445
𝒩	444
̫	444
𝖟	443
ˈ	442
༄	442
श	442
🍸	441
✶	441
﮼	441
ٓ	441
₭	439
∇	438
🔬	438
ƥ	437
द	437
ռ	437
த	437
🅐	437
க	436
🐒	436
ʖ	436
̾	435
ҡ	434
う	434
¶	434
🌳	433
ं	432
	432
𝑬	431
🍞	431
𝓣	431
ӏ	430
（	429
𝑅	429
🎩	429
た	429
人	429
𝒌	429
ゃ	428
𝙲	427
𝙠	427
は	427
◔	427
王	425
ฟ	425
윤	424
◈	424
🧩	423
ノ	423
ᅠ	423
ℱ	423
ⓩ	423
🌩	421
✼	421
연	421
ℙ	421
𝙽	421
¬	421
ภ	420
𝔾	419
🩸	419
き	419
ᴉ	418
한	416
प	416
ᶤ	416
ή	416
𝔅	414
𝐏	414
𝙉	413
⃝	412
凸	411
𝖾	410
𝙍	410
₊	409
🔊	409
ｐ	409
🙋	409
🤮	409
ｊ	409
❊	408
𝓹	408
♱	407
￣	406
𝖐	406
ह	403
ᑌ	402
ू	400
🐅	400
👍	399
🥝	399
🧁	398
😴	398
ᵖ	398
℮	397
𝐟	396
ۗ	396
🦀	394
℘	393
く	393
ㄚ	393
𝔐	393
👺	392
𝔃	391
バ	391
ⅇ	389
🐦	389
ک	388
ビ	388
𝙗	387
오	387
ர	386
ュ	386
ź	386
👱	384
ᵛ	384
🐜	383
⬆	383
ハ	382
ᵔ	382
ƹ	381
🅸	380
🙊	379
ϯ	379
𝐳	379
	378
🙅	378
❯	378
🥤	377
ⓦ	377
̳	377
𝒫	376
𝕗	376
𝓟	375
̃	375
𝙏	374
𝕨	374
ɟ	374
😼	373
ケ	373
𝒿	373
𝘤	373
𝒈	372
𝙇	372
🅔	372
一	371
ʗ	371
제	371
✳	371
🦔	371
ज	371
🍔	370
🥊	370
ன	370
٩	369
═	369
𝙸	368
👠	368
₮	367
🤬	366
🐕	366
𝙹	366
¦	366
	365
🏎	365
➵	365
₆	365
す	365
⁴	365
𝒃	365
🔶	365
레	364
🐿	364
⁺	363
🍆	363
𝘶	363
❇	363
ʷ	363
	362
에	362
ǟ	362
인	362
	361
𝕬	361
🛩	361
神	360
👉	360
㊗	359
𝑡	359
𝙜	358
𝕆	358
ă	358
🆘	358
⁹	358
𝑳	357
𝙄	357
🥥	357
的	356
𝑴	356
𝗂	356
티	356
𝚙	356
𝙱	355
𝑪	355
∑	355
➖	354
𝓏	354
ĭ	354
	354
𝘥	354
💩	354
🌋	353
𝔇	352
ﾚ	352
𝖏	352
۞	352
𝙺	351
🐆	351
🌒	351
💂	351
𝑚	351
̐	351
↑	350
ョ	349
	348
⌚	348
📿	347
🦠	347
🗿	347
🍟	347
📈	346
🐟	346
성	346
ɇ	346
😽	345
𝑦	345
안	344
𝐻	343
ժ	343
⬇	342
ϑ	342
𝐔	341
尺	341
☚	340
𝗔	340
ƃ	339
⚛	339
ș	338
𝓌	338
🦦	338
재	338
­	338
ב	337
מ	337
𝕿	337
로	336
๓	336
𝙈	335
ズ	335
🆂	335
ℑ	334
ꭷ	334
ש	334
🉐	334
🙂	334
ţ	334
🅽	334
𝚃	333
ข	333
͞	333
🐛	333
𝕛	332
𝘾	331
𝓗	330
ϊ	329
🌘	329
ظ	329
야	329
͈	327
🕹	327
자	327
⛧	327
↞	327
𝙳	326
ᵞ	326
☇	326
ү	325
𝐼	325
𝑵	324
🆁	324
ŀ	324
🏧	322
ʒ	321
조	321
ọ	320
⬅	320
𝐰	319
∴	319
□	319
١	318
グ	318
爱	317
ᵕ	316
🐠	316
	314
ᴶ	314
𝘁	314
😬	313
𝙷	313
ら	312
大	312
𝚟	312
と	311
타	311
ो	311
가	311
🚩	311
랑	311
세	311
½	311
𝑹	310
モ	310
	309
パ	309
ʈ	309
ஜ	308
🦹	307
신	307
♩	307
	307
👋	306
최	306
𝙊	306
ⅅ	306
⛩	306
▌	305
ம	305
ꮯ	305
𝓯	304
🔝	304
◀	304
ꭱ	304
𝒢	303
❧	302
𝔣	302
ꮇ	301
🗯	301
𝐕	300
𝓳	300
◾	300
ё	299
🐹	299
🎇	299
ե	299
보	298
ķ	298
お	297
༺	296
ǥ	296
ｆ	296
📺	295
𝕶	295
こ	295
🄰	295
방	294
女	294
༻	294
ᴾ	294
𝔀	294
ℌ	294
𝘿	293
ď	293
𝓖	293
̗	293
🅻	293
ฮ	292
𝖜	292
︽	291
⁰	291
ㅎ	290
ˣ	290
트	289
ԁ	289
ℤ	288
🛫	287
ｖ	287
小	287
𝗇	287
ד	286
╯	285
𝗵	285
🔔	285
｀	285
𝙥	285
𝔳	284
⁎	283
🌤	283
😔	283
	282
𝕲	282
	282
𝑰	282
ヤ	282
ա	282
⌒	281
𝘬	281
🇶	281
🤝	277
𝘣	277
ֆ	277
🕵	277
𝔏	277
に	277
⁸	277
𝒗	276
我	276
𝘆	276
❉	275
🐌	275
ק	275
𝒑	274
📖	274
ᵁ	274
￼	274
ब	273
𝑻	273
♞	273
𝚏	272
ᴚ	272
∅	271
🎋	270
ℵ	270
◯	270
🧪	270
😚	269
ப	269
💿	269
🎰	269
ு	269
㋡	268
🐋	268
𝐅	267
𝚓	267
동	267
엘	267
ื	267
━	267
대	267
つ	267
٠	267
☬	267
	266
❓	266
🅝	266
ꮭ	265
𝐖	265
‹	265
ˇ	265
📝	265
ṡ	265
ೃ	265
💬	264
ベ	264
🥢	264
𝙾	264
𝑢	264
ʑ	263
준	263
া	263
🆎	263
́	263
☈	262
ァ	262
ग	262
𝔧	261
れ	261
𝕩	261
﹏	261
❆	261
天	261
𝕰	261
🔸	260
🍹	260
🦥	260
𝕻	260
µ	260
अ	259
	258
	258
ザ	258
𝑫	258
–	258
🦰	257
🐀	257
🚬	257
🄴	256
🖐	256
찬	256
	255
≈	255
日	255
ஐ	254
규	254
키	254
║	254
๊	253
✫	253
◊	253
🧨	253
𝙅	253
プ	253
ɭ	253
↓	253
̖	253
͠	253
ٌ	253
𓆉	252
𝓕	252
🐩	252
🏅	252
👏	252
セ	252
ℎ	252
ŷ	252
🥱	251
ɣ	251
🅘	251
ᒍ	250
	250
𝔷	250
🥞	250
↟	250
어	249
🐑	249
ネ	249
٭	249
‌	249
›	248
ⓧ	248
þ	248
ό	248
𝔁	248
安	248
💢	248
☦	248
👟	248
⛔	248
	247
𝓍	247
ʘ	247
͢	247
탄	246
⇞	246
ɘ	246
̬	245
ₒ	245
📱	245
վ	245
ฅ	245
𝙃	244
𝚠	244
ᶻ	244
✒	244
ゴ	243
✅	243
🀄	243
	242
▒	242
丽	241
฿	241
𝔍	241
で	241
ϲ	241
예	240
∘	240
ｚ	240
↙	239
ɽ	239
ώ	239
̈́	239
𝘨	239
👈	239
▿	239
𝑑	238
≧	238
≦	238
↯	238
𝘽	238
ʆ	238
گ	238
𝓥	238
ĺ	238
ċ	237
🅙	237
🕶	237
‡	237
의	237
🐮	237
서	237
⌛	237
𝙆	236
😷	236
𝚣	236
🕳	235
月	235
𝗌	235
林	234
👤	234
🎖	234
𝑐	234
ų	234
𝑩	233
샤	233
ḯ	233
ě	233
ㅡ	232
ģ	232
🆃	232
형	231
🍣	231
ƚ	231
◎	231
😺	230
ǐ	230
🏔	230
𝐱	230
ṅ	229
크	229
も	229
▴	229
ᐯ	229
∙	229
又	229
🥔	229
ס	229
𝖝	229
ĵ	228
	228
🦚	228
🏫	228
𝔽	228
𝗺	228
🅼	228
🏂	228
피	227
ᑭ	227
𝕍	227
◣	227
வ	226
☛	226
루	226
◼	226
ச	226
◉	226
ꭹ	226
𝕐	225
𝕹	225
🍿	225
드	225
ᥲ	225
ガ	224
	224
ソ	224
🏊	224
🐴	224
𝑶	224
☨	224
₲	223
𝓘	223
ע	223
🔛	222
𝗈	222
➿	222
🍗	222
ｗ	222
˖	222
🤨	221
𝔖	221
바	221
🚮	221
🌗	221
일	220
🎴	220
∫	220
𝗦	220
🅛	220
卂	220
˳	219
ゆ	219
희	219
𝘈	218
👭	218
ꭲ	218
ㄣ	218
𝙫	218
❎	218
ㅈ	218
ₐ	218
𝑯	218
💼	217
𝕱	217
،	217
🅡	217
🥡	216
🥛	216
ẹ	216
𝑱	216
국	216
🥁	216
田	216
卐	215
	215
🍝	215
⁉	215
һ	215
ო	215
ց	215
석	214
𝘂	214
훈	214
혜	214
🧐	214
ⱥ	214
٢	214
ꮪ	213
ӝ	213
𝗅	213
👓	212
☿	212
	212
파	212
웃	212
🔻	212
단	211
	211
🤭	211
𝙶	211
➶	211
ʅ	211
ใ	210
🤎	210
๋	210
生	210
❡	210
❈	210
̀	210
𝗘	210
🔨	209
┼	209
ㄴ	209
え	209
𝒛	209
🐔	209
	208
ņ	208
𝐴	208
ც	208
𝔄	208
𝙯	207
🤣	207
𝙂	207
요	206
🏵	206
	206
𝗋	206
𝕎	206
中	206
𝒱	206
᜔	206
종	205
✠	205
경	205
⋈	205
拉	204
🌓	204
∵	204
	204
ᵂ	204
斯	204
や	204
ᗴ	204
̄	204
⧗	204
̪	204
ץ	203
🍵	203
ƶ	203
ⅰ	203
🐓	203
ꮧ	202
🆙	202
♆	202
工	202
ј	202
₂	202
🔵	201
۵	201
پ	201
娜	201
𝑲	201
🔯	201
ᥱ	201
🅢	200
◬	199
ல	199
פ	198
𝒇	198
📽	198
ㅋ	198
̡	198
🐭	198
ʲ	198
𝗰	197
✄	197
‾	197
❝	197
ĩ	196
❔	196
🥋	196
강	196
	195
𝚈	195
😸	195
🔗	195
𝔎	195
🌽	195
ꮤ	195
	194
゜	194
ㄹ	194
🥕	194
📶	193
𝐹	193
🧔	193
づ	193
ө	193
𝔨	193
ھ	193
🌫	192
ṧ	192
빈	192
📻	191
💳	191
🐏	191
𝗡	191
ヽ	191
🎐	191
🅳	191
🆒	190
🎎	190
山	190
٧	190
丂	190
🅞	190
🦝	189
𝒋	189
𝑮	188
𝔴	188
ₑ	188
백	187
🏇	187
🍏	187
𝐙	187
ﾑ	187
李	186
ณ	186
ワ	186
승	185
ℊ	185
𝑘	185
𝗱	185
ṃ	185
🖌	185
ட	185
⃢	185
데	184
🍙	184
🅷	184
ヴ	183
🥓	183
🄽	183
𝓞	183
ꮥ	182
𝙬	182
ｘ	182
ㅌ	182
ĥ	182
𝒴	181
𝔊	181
➐	181
ת	180
щ	180
🦙	180
𝘚	180
🍡	180
용	180
임	180
♰	180
̑	180
𝔵	180
₡	179
🥭	179
약	179
𝗜	178
🌔	178
𝙋	178
🎣	178
슈	178
你	177
𝙟	177
❞	177
🆖	177
ヮ	177
𝔗	177
🏠	176
↗	176
ĕ	176
金	176
⏰	176
여	176
🚧	176
じ	176
𝙿	176
て	176
ट	175
₱	175
ㅂ	175
🦷	174
🚗	174
🆓	174
ő	174
🕎	174
ů	173
도	173
고	173
남	173
͝	173
속	173
🦩	172
լ	172
💱	172
🚒	172
▓	172
🎪	172
🦢	172
	172
누	172
🅲	172
花	172
🌅	171
🎞	171
մ	171
𝗠	171
յ	171
❛	171
📲	170
☸	170
ח	170
ヒ	170
ŗ	169
🐽	169
🍚	169
乃	169
🐄	169
ಥ	169
𝒪	168
！	168
➹	168
ユ	168
애	168
⛷	168
🤰	168
🆈	168
ड	167
전	167
😒	167
ਰ	167
👰	167
😩	167
𝘷	167
🤺	167
ㅁ	167
⫩	167
च	166
ɒ	166
🤾	166
भ	166
구	166
𝔈	166
ய	166
∃	165
𝓨	165
↭	165
ɮ	165
ύ	165
್	165
♟	165
🤢	165
ƌ	165
배	165
ǫ	164
≋	164
🎷	164
❖	164
🄾	164
ꮜ	164
ギ	164
𝘱	164
＾	163
ṭ	163
ɵ	163
╹	163
𝘌	162
ㄥ	162
ろ	162
메	162
▄	162
艾	162
🎠	161
和	161
🐤	161
ט	161
👐	161
𝙔	161
🚂	161
४	161
🤱	160
ɕ	160
♭	160
𝗧	160
𝗥	160
۩	160
ļ	159
ґ	159
🌃	159
ᗯ	159
🥚	159
ړ	159
송	159
♘	159
년	158
𝑷	158
西	158
🐵	158
🖋	158
🚺	158
📀	158
𝕳	158
👯	158
▀	158
𝗸	158
✬	158
ؤ	157
里	157
ಌ	157
𝙛	157
	157
ꮙ	157
克	156
🙉	156
노	156
ོ	156
₣	155
≡	155
ᵢ	155
🛰	155
권	155
👮	155
▵	154
ピ	154
〜	154
𝑆	154
🔹	154
ㄖ	154
ג	154
₵	154
⬛	154
🅁	154
ﻌ	154
𝒘	154
⃠	154
🚴	153
🎌	153
🏦	153
🙆	153
؏	153
野	153
🅺	153
₁	153
ᵤ	152
だ	152
文	152
ː	152
모	152
ϧ	151
𝗍	151
🄸	151
	151
🏍	151
̛	151
	150
	150
🏰	150
🧕	150
𝑏	150
本	150
🆑	150
🅣	150
͆	150
	149
🦴	149
ᜒ	149
ڤ	149
♜	149
😶	149
▹	149
🄻	149
̍	149
چ	148
ꮨ	148
	148
明	148
⌬	148
ꮳ	148
͚	148
𝘔	148
ϓ	147
⇜	147
尼	147
𝓦	147
🏡	147
🌦	147
˜	147
📎	146
͂	146
⬡	146
🤒	146
프	146
め	146
🅨	146
효	146
𝘫	146
ㄷ	145
ㄱ	145
𝗢	145
𝗟	145
혁	145
	144
즈	144
◑	144
ϒ	144
よ	144
༚	144
￦	144
ᖴ	143
🐂	143
ⱡ	143
阿	142
🤕	142
利	142
🥧	142
死	142
ͦ	142
̜	142
ʄ	141
🎡	141
🌯	141
🌖	141
치	141
◐	141
ㄒ	141
화	141
੭	141
⛪	140
💶	140
＊	140
్	140
₿	140
🦏	140
베	140
ȏ	140
🅜	140
🥨	139
☉	139
不	139
└	139
平	139
케	139
브	139
𝙐	139
탈	139
ƛ	139
🎟	138
🥜	138
ボ	138
🤳	138
թ	138
𝙵	138
네	138
𝗖	138
🦜	138
𝘧	138
𝘛	137
😳	137
🍅	137
↬	137
尔	137
🖇	137
黄	137
👷	137
𝗗	137
🔭	137
🅂	137
⊱	136
𝗒	136
🥦	136
ำ	136
	136
🗑	136
🧃	136
	136
丹	136
◽	136
💆	136
𝕌	136
͒	136
🎢	135
真	135
📦	135
✻	135
𝕴	135
ŵ	135
ℚ	135
ɍ	135
🔟	134
	134
র	134
ľ	134
ƿ	134
ײ	134
̠	134
¾	134
∗	134
꒱	134
𝚡	133
💒	133
ึ	133
🏉	133
열	133
산	132
🧖	132
👇	132
꒒	132
🚦	132
르	132
℧	132
┳	131
	131
太	131
🛍	131
⊥	131
	131
씨	131
～	131
내	131
ꮋ	131
➸	131
ŝ	131
😢	130
ạ	130
	130
𝙁	130
ㅊ	130
ә	130
丨	130
🐃	130
운	130
ᵣ	130
알	130
🆄	130
🏖	130
황	130
💽	130
̟	130
ष	129
け	129
≫	129
۶	129
🅃	129
꒰	129
ꪖ	129
্	128
🚲	128
ﺎ	128
𝔉	128
ꮲ	128
🏏	128
😅	128
𝒀	128
𝙭	128
؟	128
	127
୧	127
ָ	127
者	127
が	127
۷	127
𝕺	127
ꭻ	127
✎	127
🎚	127
ի	127
	126
、	126
ি	126
わ	126
𝘸	126
木	126
𝔓	126
🔧	126
૯	126
ლ	126
ผ	125
𝒲	125
୨	125
∪	125
ন	125
🆗	125
黒	125
心	125
𝗆	125
ſ	125
❼	125
반	125
ћ	125
ꍏ	125
✔	124
👴	124
ศ	124
℞	124
⊰	124
위	124
火	124
ɏ	124
卄	124
ΐ	124
�	124
．	124
ず	124
ȶ	124
🅓	124
̝	124
̭	124
😄	123
海	123
德	123
🌰	123
✱	123
ै	123
𝑭	123
莉	123
ǿ	123
आ	123
მ	122
米	122
토	122
🐗	122
🅗	122
ⅆ	122
🥩	122
🗺	122
÷	122
ᕗ	121
白	121
장	121
🤹	121
🦓	121
👆	121
💷	121
🛠	121
┻	121
🐡	121
𝙒	121
₥	121
𝘙	120
∈	120
ם	120
妮	120
👒	120
◥	120
૨	120
ﻬ	120
⧖	120
͇	120
𝘕	119
🍴	119
😆	119
🦱	119
⏩	119
차	119
を	119
ญ	118
ホ	118
＠	118
│	117
ヨ	117
ꮹ	117
ּ	117
ѻ	117
↖	117
🌥	117
𝚄	117
😙	117
٤	117
༽	116
希	116
🦸	116
٣	116
❍	116
ᕮ	116
ந	116
𝔑	116
ᶥ	115
☎	115
ᵧ	115
🙎	115
ڪ	115
ध	115
🔙	115
🧊	115
렌	115
⊕	115
𝑽	115
𝗝	115
🐁	115
𝗕	115
𝑣	115
𝖂	115
猫	115
👙	115
̰	115
ʉ	114
ɿ	114
莎	114
	114
∊	114
🍽	114
࿊	114
👔	114
ﻴ	114
伊	114
😡	114
₴	114
̺	114
⛎	113
🏐	113
	113
星	113
손	113
⛰	113
𝗁	112
📟	112
几	112
┈	112
ธ	112
	111
	111
ꀤ	111
光	111
◌	111
כ	111
̂	111
༶	111
ᥒ	111
卡	110
🛹	110
亚	110
	110
魔	110
↪	110
𝖄	110
ㅣ	110
𝓆	109
ヾ	109
히	109
ꮰ	109
🅒	109
高	109
는	109
와	109
𝘓	109
ੀ	109
ѳ	109
父	109
𝗴	109
	108
ꜰ	108
༼	108
🍧	108
༓	108
	108
👵	108
🚘	108
𝘉	108
ꫀ	108
ṩ	108
ਾ	108
🅶	108
❱	108
😀	108
📡	107
	107
༎	107
ຶ	107
𝗯	107
✇	107
ை	107
𝗛	107
ᶫ	107
🍐	107
🤵	107
💇	106
ね	106
	106
코	106
匚	106
중	106
🎺	106
ᴎ	106
🎻	106
🤲	106
三	106
⃞	106
͕	106
𝘐	106
ℏ	105
陈	105
ण	105
٨	105
佳	104
공	104
音	104
ǻ	104
ᘔ	104
🥄	104
ㄩ	104
𓃰	104
水	104
🍖	104
̌	104
ն	104
ꮒ	103
😱	103
٥	103
̕	103
⁾	103
±	103
特	103
⁠	103
ᐛ	103
상	103
𝚅	103
∽	103
◍	103
🚾	102
🕋	102
℠	102
そ	102
ʬ	102
⇧	102
̧	102
࿐	102
ヘ	101
私	101
✲	101
₤	101
𝚆	101
╬	101
	101
ꭾ	101
✷	101
ㅠ	101
선	101
ჩ	101
𝑾	100
🖍	100
𝐗	100
ϵ	100
力	100
🅑	100
📹	100
ₙ	100
𝟏	100
ਿ	100
🛴	100
ண	100
ԃ	100
⛸	99
𝗽	99
채	99
🥟	99
🅹	99
꙰	99
乙	99
刀	99
қ	99
ਸ	99
ұ	98
🖥	98
ﻉ	98
ⅎ	98
𝐶	98
ַ	98
先	98
𝗚	98
🥎	98
ﺍ	98
🎾	98
⁦	98
̱	98
ț	97
𝖽	97
是	97
↫	97
ꈍ	97
川	97
ꮗ	97
˥	97
͗	97
姫	97
๔	97
ִ	96
▾	96
家	96
ք	96
上	96
空	96
	96
爪	96
🅈	96
✹	96
🍈	96
₍	96
̉	96
𝒙	96
🖊	95
	95
𝘻	95
	95
ǎ	95
	95
玲	95
🔎	95
ば	95
↩	95
𝑝	95
래	95
테	95
ฯ	95
๒	95
🅚	95
ふ	95
틴	95
吴	94
ᗢ	94
너	94
᙭	94
✉	94
ќ	94
🏜	94
ҳ	94
ᾰ	94
𝘋	93
😪	93
그	93
🌄	93
↘	93
𝑼	93
恩	93
˒	93
𝒬	93
˛	93
천	93
💴	93
ﻮ	93
무	93
별	93
📼	93
ಿ	93
ϋ	93
👫	93
ゲ	93
초	93
🔩	93
雪	93
ʐ	93
˃	93
͘	93
ฬ	93
뷔	93
ₗ	93
숮	93
😐	93
🥐	92
💠	92
ম	92
만	92
ҥ	92
𝖖	92
😗	92
ḱ	92
ਨ	92
ෆ	92
˂	92
̆	92
二	92
͔	92
ͅ	92
롱	92
	91
🧶	91
👎	91
ꮏ	91
有	91
◻	91
👗	91
ᜈ	91
ゅ	91
멜	91
양	91
ṣ	91
ｻ	91
𝓠	91
₎	91
ᥣ	91
ポ	91
𝗎	90
𝙑	90
	90
ٹ	90
▬	90
ರ	90
🍤	90
▷	90
̚	90
ℽ	90
ז	90
🄼	90
ర	90
̔	90
꧁	90
ѡ	90
𝘊	90
꧂	90
퍼	89
✙	89
	89
ょ	89
ॢ	89
ゼ	89
せ	89
님	89
嘉	89
吉	89
℃	89
퇴	89
⛱	89
凡	89
생	89
🌭	89
ℨ	88
年	88
杰	88
福	88
	88
☩	88
可	88
ᏼ	88
使	88
𝘑	88
╪	88
悪	88
͌	88
զ	87
ꍟ	87
름	87
♯	87
ㄅ	87
♄	87
ƅ	87
ӄ	87
主	87
⍺	86
	86
𝑁	86
	86
雅	86
永	86
	86
ペ	86
🄷	86
好	86
ℇ	86
𝗬	86
ḁ	86
麗	85
少	85
ӈ	85
🤚	85
	85
😃	85
ꮓ	85
슬	85
马	85
러	85
𝙕	85
엑	85
ど	85
ŏ	85
⇝	85
இ	85
ｲ	85
𝖼	84
十	84
🧼	84
🈂	84
慧	84
奈	84
🍮	84
₃	84
🍨	84
͊	84
	83
	83
鹿	83
🏮	83
ꂦ	83
ォ	83
ぃ	83
ư	83
凯	83
𝗞	83
士	83
公	83
͖	83
⑅	83
٦	83
ḙ	83
ి	83
҈	83
𝑇	82
ヌ	82
夢	82
ᙓ	82
	82
影	82
👖	82
🗼	82
ҍ	82
ଘ	82
ꪀ	82
녀	82
ꮄ	82
அ	82
̏	82
春	82
𝘃	81
달	81
🧣	81
🛑	81
ɡ	81
ͣ	81
̓	81
ƕ	81
ా	81
̢	81
ૢ	81
ᴻ	80
ꮻ	80
ᶸ	80
▂	80
𝘏	80
№	80
迪	80
ⓠ	80
⋅	80
ே	80
ị	80
🔍	80
๎	80
夜	80
む	80
𝘖	80
ຖ	80
̦	80
無	79
𓈒	79
🧱	79
😑	79
名	79
🌂	79
他	79
𝟙	79
井	79
̒	79
🚷	78
	78
	78
東	78
	78
梅	78
⊗	78
𝐾	78
স	78
🅤	78
ौ	78
⛺	78
𝘒	78
理	78
ͥ	78
多	78
鬼	78
🅖	78
͍	78
؜	78
̻	78
͉	78
🆔	77
	77
़	77
🏕	77
ᄂ	77
🐖	77
🚑	77
̼	77
ᕕ	77
ͬ	77
̋	77
藤	77
ƀ	77
ள	77
ͼ	76
ӂ	76
𝑂	76
𓆩	76
𓆪	76
英	76
⛏	76
🥒	76
🦐	76
ᾔ	76
︵	76
📢	76
📣	76
ġ	76
̓	76
̞	76
ꈤ	76
ṉ	75
‽	75
卍	75
🦘	75
龍	75
🥅	75
ख	75
≠	75
😵	75
ㅍ	75
ո	75
🔄	75
ɫ	75
𝟐	75
𝐽	75
̙	75
̹	75
͐	75
ր	75
˓	75
🄱	75
🦡	75
🅥	74
벨	74
	74
秀	74
玉	74
𝑤	74
ѽ	74
𝚉	74
림	74
🐪	74
부	74
ԅ	74
	74
⊹	74
͑	74
𝑧	74
ご	74
𑁍	74
𝘄	74
⊬	74
📞	73
☊	73
🦞	73
ถ	73
思	73
ব	73
➗	73
𝔚	73
信	73
ฺ	73
늘	73
ਮ	73
ི	73
ƺ	73
🚹	73
블	73
🧦	73
击	73
𝐷	72
幸	72
🚁	72
法	72
ক	72
ԍ	72
赤	72
ᜇ	72
𝕏	72
／	72
🦧	72
🦲	72
犬	72
̎	72
്	72
ੈ	72
𝑗	72
☓	72
﷽	72
🥽	71
郎	71
ֵ	71
ぴ	71
口	71
🔚	71
𝑓	71
ꋪ	71
🗻	71
୭	71
；	71
	70
	70
	70
℣	70
∠	70
😾	70
風	70
₫	70
夏	70
🎛	70
ₛ	70
ﾅ	70
왕	70
▰	70
ٍ	70
⸝	70
엠	70
ᵅ	69
🈲	69
🚜	69
🄺	69
🎏	69
범	69
千	69
ꌗ	69
村	69
ᜎ	69
👲	69
⬜	69
워	69
🗞	69
ṫ	69
🆅	69
′	69
𝔒	69
ӎ	69
ے	69
ȼ	69
⨺	69
설	69
फ	68
	68
様	68
ԋ	68
🛵	68
⤴	68
🌇	68
敏	68
𝖠	68
ㅜ	68
ͤ	68
🛎	68
𝗄	68
ԑ	68
情	68
문	68
𝟎	68
𝗨	68
ϝ	68
🍠	68
๖	68
ᅟ	68
☰	67
新	67
张	67
⏪	67
⁂	67
👬	67
ზ	67
ে	67
𝗣	67
	67
	67
国	67
₰	67
ஷ	67
͋	67
𝓩	67
؛	67
馬	67
森	67
포	67
💾	67
ٱ	67
┊	67
ற	67
៹	67
ἶ	66
📧	66
𝕢	66
দ	66
	66
𝖻	66
🄲	66
🚛	66
𝘎	66
໊	66
𝓺	66
꒳	66
ಾ	66
ﻧ	66
ા	66
𝟚	66
է	66
⚗	66
🏛	66
엔	66
🏪	66
⃛	66
ₜ	66
버	66
⁩	66
丰	66
ਲ	66
⇩	66
⏺	66
	65
🕇	65
✕	65
ੰ	65
🄳	65
	65
性	65
⁽	65
周	65
ḉ	65
ټ	65
俊	65
🚭	65
광	65
🦾	65
原	65
🚣	65
◘	65
🅵	65
香	65
་	65
📰	65
ɼ	65
ﻟ	65
џ	65
‸	64
╚	64
◁	64
布	64
𝔮	64
ȗ	64
╳	64
ನ	64
	64
−	64
➴	64
ડ	64
🌡	64
꓄	64
羅	64
₹	64
ｯ	63
⎠	63
새	63
홍	63
⌖	63
🆚	63
	63
若	63
𝒰	63
ễ	63
⅁	63
ⱽ	63
𝟘	63
𝗀	63
▁	62
	62
헤	62
↣	62
♁	62
᷅	62
𓃠	62
צ	62
젤	62
₇	62
ﾘ	62
望	62
ũ	62
·	62
ু	62
≖	62
ބ	62
自	61
ῳ	61
	61
雷	61
目	61
𝔜	61
친	61
ত	61
⁻	61
🚙	61
👕	61
ҩ	61
🌉	61
桜	61
ꮃ	61
乂	61
六	61
ͫ	61
ȥ	61
몬	61
🤼	61
🤜	61
𝓤	61
爾	61
̘	61
ழ	61
ए	60
	60
⎝	60
	60
	60
🥬	60
ܐ	60
⍣	60
캐	60
	60
⒜	60
🥯	60
	60
男	60
陳	60
波	60
🥪	60
ꮣ	60
ﺮ	60
ṿ	60
⇢	60
👜	60
青	60
ੴ	60
下	60
ﻣ	60
ᥙ	60
①	60
ᗡ	59
∧	59
罗	59
最	59
張	59
玛	59
ゝ	59
𝗷	59
𝗳	59
	59
夫	59
	59
笑	59
ぶ	59
𝘇	59
ᜋ	59
ﾌ	59
世	59
۰	59
来	59
🏭	59
🥖	59
𝖁	59
ཇ	59
🅄	59
	58
𝐐	58
	58
ீ	58
ҿ	58
≪	58
명	58
🥉	58
石	58
	58
ল	58
雨	58
虎	58
比	58
琳	58
철	58
	58
道	58
🛒	58
ๆ	58
🆉	58
ₕ	58
᷄	58
💏	58
ெ	58
志	58
끼	58
ਜ	58
ꮦ	58
╥	58
∟	57
	57
ई	57
게	57
앤	57
代	57
ű	57
⛤	57
🏙	57
변	57
狼	57
松	57
𝐺	57
ᜃ	57
黑	57
ు	57
⅄	57
𝕼	57
ҭ	57
武	57
란	57
૮	57
„	57
ǰ	57
🛷	57
￳	57
빅	56
色	56
𓃵	56
ﾞ	56
	56
ｑ	56
을	56
悟	56
울	56
⠁	56
沙	56
터	56
👪	56
📊	56
へ	56
న	56
ъ	56
♖	56
地	55
🈵	55
ฉ	55
매	55
ꙅ	55
ְ	55
良	55
黃	55
🛬	55
	55
𝘞	55
	55
♾	55
加	55
秋	55
ᜓ	55
＼	55
🆆	55
	55
ḡ	55
〄	55
崎	55
ⱨ	55
순	55
ᚱ	55
창	55
옹	55
҂	55
🍲	55
⌨	54
	54
↝	54
।	54
▐	54
↔	54
𝗪	54
	54
何	54
哈	54
⠑	54
｜	54
📉	54
ぎ	54
ས	54
𝗏	54
🚔	54
⟠	54
宝	53
ਕ	53
셀	53
忍	53
想	53
埃	53
ḋ	53
ㅏ	53
▸	53
ܢ	53
ỉ	53
啊	53
	53
ਤ	53
南	53
🈳	53
𝗙	53
말	53
두	53
べ	53
ਪ	53
┣	53
저	53
仁	53
클	53
ⴟ	53
②	53
༝	53
람	53
☡	53
ぐ	53
℩	53
🚌	53
珍	53
ӿ	53
ꏂ	53
➷	53
ṁ	52
乐	52
📓	52
㋛	52
빠	52
	52
成	52
𝘗	52
🥾	52
🛐	52
ꮩ	52
⠠	52
ḓ	52
菲	52
꾹	52
봄	52
ᚨ	52
ᜐ	52
ﺭ	52
𝘹	52
ȋ	52
🧷	52
🧤	52
ଓ	52
	51
島	51
悲	51
ꮸ	51
	51
↜	51
	51
	51
🧑	51
🏺	51
合	51
威	51
🏥	51
🦶	51
ꋬ	51
🄿	51
ﾐ	51
՞	51
ར	51
┏	51
👛	51
ী	51
ڈ	51
봇	51
✸	50
ϰ	50
더	50
㎡	50
🖼	50
ϐ	50
ʁ	50
👂	50
瑞	50
온	50
八	50
շ	50
♅	50
⋰	50
気	50
┫	50
츄	50
🔇	50
⸍	50
ˑ	50
ᜌ	50
💹	50
ᄃ	50
結	50
ྉ	50
ㅆ	49
༘	49
谷	49
恋	49
🎍	49
༒	49
🆕	49
들	49
🧂	49
콜	49
밀	49
〇	49
ਦ	49
長	49
倫	49
婷	49
𝐪	49
🧧	49
ಕ	49
⑂	49
🛳	49
在	49
🏞	49
🚢	49
₽	49
蒂	49
‵	49
⸌	49
⋒	49
∿	49
ₓ	49
⏱	49
थ	49
ோ	49
🄶	49
会	49
𓆏	49
ᥴ	49
మ	49
ల	49
⃙	49
	48
ஸ	48
⊂	48
𝑥	48
ぱ	48
華	48
❾	48
🧗	48
빛	48
ĝ	48
🔁	48
魂	48
葉	48
պ	48
ך	48
ᜆ	48
ẕ	48
♃	48
𝒵	48
🅟	48
🍢	48
ﻨ	48
క	48
ṽ	48
🥣	48
🆇	48
❜	47
皿	47
之	47
手	47
🎳	47
	47
ḟ	47
জ	47
𝘠	47
⛲	47
ﻳ	47
🕆	47
눈	47
ḳ	47
˄	47
␌	47
언	47
난	47
－	47
𝖅	47
໐	47
１	47
ᜀ	47
＿	47
ゾ	47
✥	47
ᴙ	47
ĉ	47
📵	47
⌘	47
ㅐ	47
ⵣ	47
⛑	47
𝘍	47
결	47
ᕙ	46
兰	46
ḭ	46
正	46
↳	46
兴	46
𝙓	46
📛	46
ゞ	46
ḻ	46
ઽ	46
	46
🚪	46
琪	46
🙀	46
也	46
雄	46
ﻪ	46
✚	46
𓋹	46
⸸	46
勒	46
立	46
々	46
븐	46
亞	46
ɷ	46
𝖃	46
ി	46
완	46
ܝ	46
	46
優	46
泰	46
🤛	46
ⴵ	46
╱	46
ɸ	45
樹	45
君	45
허	45
෴	45
活	45
智	45
▅	45
宇	45
🛣	45
ꨄ	45
🌆	45
	45
惠	45
𝒁	45
ꮼ	45
ḿ	45
ں	45
ꪶ	45
ᛖ	45
ᛟ	45
ﺪ	45
ﺳ	45
면	45
𝟷	45
➒	45
宋	45
ほ	44
	44
恵	44
𝖀	44
≥	44
ṳ	44
ฝ	44
	44
方	44
	44
⠊	44
𝗩	44
℉	44
𝟑	44
복	44
ﾒ	44
ѷ	44
😞	44
꽃	44
ṛ	44
	44
ʻ	44
？	44
久	44
투	44
℗	44
清	44
╝	44
无	44
ㄨ	44
음	43
晗	43
	43
	43
忠	43
⚣	43
∁	43
☧	43
命	43
ҟ	43
🥈	43
塔	43
	43
げ	43
ᘉ	43
	43
	43
龙	43
ᕦ	43
	43
了	43
𝚇	43
개	43
밤	43
博	43
প	43
ཽ	43
ẓ	43
ᵑ	43
ծ	43
𝖿	43
┓	43
﹩	43
բ	43
▇	43
ͭ	43
𝖲	43
向	43
▔	42
इ	42
𓆟	42
老	42
ษ	42
伦	42
링	42
☫	42
丅	42
⚱	42
ṇ	42
흣	42
ು	42
욱	42
知	42
ㄕ	42
ｱ	42
🦛	42
岡	42
朱	42
哦	42
曼	42
𝑌	42
⠗	42
間	42
茜	42
ᛁ	42
伟	42
ꮿ	42
⁤	42
⁢	42
七	42
ụ	42
솔	42
ཀ	42
ﻤ	42
⁯	42
０	42
㋐	42
江	42
𝑃	42
ṝ	41
	41
京	41
	41
益	41
	41
𝚚	41
⒠	41
	41
ϛ	41
ᛕ	41
	41
ꪗ	41
섭	41
	41
勇	41
	41
🏟	41
꒐	41
🈯	41
⚅	41
ົ	41
楽	41
ી	41
⭒	41
ꮂ	41
𝟛	41
플	41
感	41
🤽	41
ಮ	41
ପ	41
⁄	41
友	40
相	40
弗	40
吳	40
	40
意	40
𝖱	40
⚄	40
체	40
걸	40
쇼	40
介	40
贝	40
ڡ	40
	40
ͨ	40
≤	40
―	40
ን	40
维	40
⒤	40
ʓ	40
실	40
ం	40
ꮅ	40
🦳	40
ǂ	40
짱	40
⭑	40
🍶	40
ृ	40
轉	40
😠	40
땡	40
₉	40
식	40
〔	40
〕	40
줄	40
ठ	40
⌁	40
⑦	40
⤵	40
ꪑ	40
🈴	39
👥	39
	39
嵐	39
핑	39
喜	39
	39
行	39
ȿ	39
丸	39
ㄟ	39
📜	39
𓃭	39
ᙢ	39
豪	39
欣	39
字	39
百	39
ṏ	39
ᕤ	39
未	39
🛌	39
乔	39
茶	39
四	39
첸	39
ᕱ	39
✤	39
⍨	39
ȵ	39
ತ	39
📕	39
┴	39
ძ	39
❶	39
ṗ	39
🥗	39
孩	39
ܪ	39
ѯ	39
환	39
麻	38
〆	38
亮	38
▆	38
🍱	38
્	38
超	38
👃	38
ɉ	38
얀	38
⠝	38
💑	38
	38
陽	38
∨	38
📯	38
ﻓ	38
ᶬ	38
입	38
ʛ	38
발	38
🕌	38
귀	38
ۣ	38
｣	38
ﱞ	38
◜	38
佐	38
ཛ	38
ɀ	38
🅕	38
˟	38
ವ	38
ↀ	38
༉	38
↼	37
	37
前	37
𝗐	37
ぬ	37
⛥	37
ꂅ	37
🧵	37
ϩ	37
ಸ	37
🗳	37
	37
🦯	37
ぇ	37
	37
科	37
𓆃	37
녕	37
ന	37
ຮ	37
司	37
奥	37
	37
怡	37
☟	37
𝗃	37
ざ	37
🛶	37
ữ	37
₀	37
ँ	37
🎿	37
ꋊ	37
छ	37
🩺	36
	36
𝟞	36
巴	36
ಲ	36
탱	36
ꮬ	36
릴	36
ŭ	36
	36
帝	36
🕰	36
⠕	36
⍲	36
📬	36
∏	36
蔡	36
輩	36
𓆙	36
	36
🚵	36
🔷	36
ᏺ	36
ᓰ	36
	36
ᗅ	36
౪	36
傑	36
ⴆ	36
𐂂	36
式	36
時	36
基	36
𝟶	36
𝗉	36
蘭	35
🚽	35
ᱸ	35
간	35
胡	35
계	35
☙	35
	35
𓆣	35
ᒎ	35
	35
따	35
ꉓ	35
ｷ	35
ஃ	35
飛	35
℟	35
𝖬	35
🅅	35
内	35
택	35
ͷ	35
ⅾ	35
🏘	35
姐	35
✁	35
😕	35
刘	35
살	35
	35
후	35
➊	35
冬	35
ۜ	35
外	35
쿠	35
ਘ	35
ਵ	35
◝	35
🩰	35
⇒	35
ᐢ	35
👞	35
త	35
𝑸	34
	34
𝟟	34
格	34
స	34
達	34
ᐞ	34
▃	34
ꃅ	34
₯	34
ἀ	34
⠇	34
	34
ẏ	34
ƍ	34
ි	34
ΰ	34
ₘ	34
〃	34
ἔ	34
𐬹	34
	34
素	34
健	34
🔦	34
能	34
૪	34
ꕥ	34
↢	34
北	34
젠	34
ս	34
艺	34
풍	34
হ	34
ۆ	34
┘	34
𝟗	34
🚼	34
심	34
勝	34
界	34
🎫	34
ﮩ	34
⇐	34
۪	34
⁪	34
슨	33
🔂	33
⇀	33
由	33
芬	33
ਬ	33
⍤	33
⌐	33
	33
殺	33
卩	33
	33
	33
ẙ	33
ꀘ	33
ȷ	33
홉	33
🔉	33
狐	33
ꪮ	33
류	33
⏃	33
√	33
ᗝ	33
実	33
행	33
డ	33
ﻭ	33
妈	33
ƽ	33
起	33
˵	33
莫	33
晶	33
ಯ	33
ệ	33
उ	33
強	33
母	33
｢	33
ാ	33
๛	33
ﺔ	33
孫	33
거	33
＄	33
≏	33
੍	33
শ	33
ȓ	33
元	33
ᘜ	33
③	33
ợ	33
ﬡ	33
ȟ	32
🎦	32
쁜	32
古	32
𝗭	32
出	32
꾸	32
ે	32
য	32
	32
싶	32
𝔙	32
🚤	32
🧲	32
웬	32
🧹	32
ᵋ	32
⇆	32
🚯	32
ぽ	32
物	32
페	32
금	32
达	32
洛	32
ꮐ	32
🛋	32
푸	32
翰	32
ન	32
ᵜ	32
ﺷ	32
⅃	32
∝	32
羽	32
🔲	32
🧿	32
亀	32
皇	32
♝	32
𝘝	32
ꮚ	32
숙	32
学	32
偉	32
都	32
올	32
❷	32
뱀	32
ܘ	32
流	32
추	32
᷀	32
ᵽ	32
໒	32
🚚	32
ప	32
痛	32
ả	32
ˀ	32
ͪ	32
瀬	32
რ	32
，	32
ል	31
	31
那	31
침	31
🈹	31
	31
으	31
儿	31
⒧	31
ↁ	31
哥	31
╋	31
𝟒	31
⋀	31
ў	31
დ	31
⃤	31
ક	31
𝟔	31
⚃	31
梦	31
㏂	31
함	31
戦	31
ڑ	31
🅦	31
彩	31
࿆	31
ｰ	31
２	31
遠	31
😿	31
ꀎ	31
۝	31
ϱ	31
🏩	31
𝒳	31
⁼	31
🛥	31
🥌	31
ề	31
ക	31
城	31
宮	31
ಗ	31
失	31
亦	31
ⴰ	31
个	31
⒩	31
ᚾ	31
ი	31
ூ	31
ஆ	31
ͩ	31
ྂ	31
곰	30
암	30
ゥ	30
ਅ	30
🧫	30
伯	30
纳	30
జ	30
⎛	30
ḏ	30
ܵ	30
竜	30
ㄏ	30
要	30
ぁ	30
ਹ	30
ȴ	30
	30
과	30
ೆ	30
🄹	30
谢	30
	30
🐫	30
炎	30
🧳	30
	30
史	30
🈶	30
ᛚ	30
밍	30
🅆	30
⚤	30
પ	30
ֹ	30
➜	30
ᆺ	30
⚚	30
🚸	30
⇠	30
ᘿ	30
🅩	30
ര	30
丁	30
托	30
둥	30
𝟹	30
❢	30
겸	30
ੁ	30
🤥	30
ỳ	30
།	30
🍛	30
🧭	30
슙	30
⃫	30
ㅑ	29
앙	29
𓁹	29
⎞	29
ぼ	29
냐	29
努	29
𝘅	29
ฐ	29
	29
ⱬ	29
草	29
🦵	29
𝖭	29
語	29
ॱ	29
	29
𝟕	29
	29
ҫ	29
𝟜	29
￥	29
ା	29
姆	29
탑	29
部	29
ﺴ	29
₠	29
	29
ւ	29
ᾄ	29
⚑	29
ǡ	29
路	29
ֶ	29
ங	29
开	29
精	29
匕	29
丝	29
↡	29
ㄗ	29
五	29
ͧ	29
첼	29
：	29
ᜁ	29
📴	29
奇	29
월	29
𝘡	29
萨	29
ṯ	29
ȑ	29
翔	29
承	29
杨	29
వ	29
ꫝ	29
ꌩ	29
막	29
⎈	29
🦗	29
⋱	29
◖	28
⫸	28
༅	28
𝟬	28
𓆜	28
ት	28
엄	28
☐	28
㊉	28
려	28
⊃	28
＝	28
◂	28
༙	28
𝚀	28
ꓘ	28
	28
ຈ	28
ⅱ	28
诶	28
ᙠ	28
ȃ	28
晴	28
⚥	28
	28
릿	28
ぷ	28
𝑉	28
✆	28
才	28
诗	28
珠	28
约	28
同	28
𓐄	28
띠	28
◭	28
བ	28
찌	28
ᶳ	28
ა	28
𝟓	28
	28
😫	28
ᵥ	28
ো	28
当	28
🉑	28
딘	28
₄	28
ặ	28
⠎	28
初	28
◗	28
ₖ	28
🙁	28
┆	28
🚰	28
ṟ	28
🛢	28
ﻦ	28
〉	28
癶	28
ᵾ	28
燕	27
😓	27
‶	27
⫷	27
	27
門	27
🛀	27
佩	27
병	27
	27
ᜑ	27
ܓ	27
ȡ	27
আ	27
𝖫	27
茉	27
⸮	27
잉	27
📒	27
ܤ	27
ȧ	27
全	27
গ	27
ྀ	27
ᴩ	27
後	27
作	27
桃	27
聖	27
⑤	27
鈴	27
	27
𓁼	27
源	27
앨	27
🔳	27
롤	27
घ	27
ṕ	27
뚜	27
𝟝	27
狗	27
汉	27
ಶ	27
熊	27
ﻋ	27
𝘜	27
橋	27
솜	27
↺	27
ﷲ	27
ា	27
🅧	27
ㆍ	27
۫	27
ᜊ	27
њ	27
𓏤	27
	26
治	26
딸	26
ੌ	26
𝖮	26
්	26
ꀸ	26
મ	26
સ	26
亜	26
👢	26
	26
漢	26
𝑈	26
쓰	26
물	26
팬	26
윈	26
	26
🥠	26
見	26
	26
珊	26
⍢	26
哲	26
ﻲ	26
媽	26
િ	26
┃	26
ᜉ	26
론	26
འ	26
ງ	26
ⅉ	26
ף	26
𓆝	26
ͻ	26
事	26
𝔛	26
있	26
까	26
鲁	26
⌯	26
	26
徐	26
근	26
축	26
ḧ	26
㉨	26
➍	26
ཧ	26
ⅲ	26
富	26
킴	26
ㅗ	26
₅	26
≀	26
走	26
୍	26
ꮠ	26
ަ	26
잘	26
𝙦	26
ᵎ	26
ٳ	26
詩	26
	26
ѓ	26
莱	26
℈	26
🚓	26
🕛	26
૦	26
≛	26
〈	26
벳	26
뉴	26
ও	26
ḷ	25
𐋀	25
	25
𝖢	25
分	25
	25
🛁	25
娅	25
发	25
	25
빵	25
	25
⛦	25
肖	25
貴	25
렉	25
動	25
필	25
河	25
📠	25
🕒	25
⒪	25
🏗	25
凱	25
雌	25
ế	25
𝔔	25
３	25
ↄ	25
♗	25
࿌	25
菜	25
静	25
九	25
得	25
ओ	25
머	25
＜	25
𝟡	25
𓃱	25
ﻠ	25
➫	25
𝟣	25
쯔	25
악	25
ㆁ	25
ȉ	25
𝖣	25
ˍ	25
ỵ	25
릭	25
ೄ	25
戸	25
ន	25
⏭	25
🚏	25
⌡	25
✣	25
🙍	25
切	25
┋	25
🏷	24
ḽ	24
	24
蜂	24
運	24
ె	24
劉	24
果	24
宙	24
	24
義	24
	24
∋	24
લ	24
∤	24
	24
ˌ	24
今	24
什	24
ಹ	24
ಡ	24
ぺ	24
乚	24
𓆈	24
칼	24
ṙ	24
⚂	24
华	24
入	24
浩	24
☏	24
𝗓	24
😹	24
ᖱ	24
្	24
納	24
郭	24
ᓮ	24
么	24
仙	24
ﻻ	24
𝖪	24
맠	24
ᚲ	24
࿔	24
冠	24
⅂	24
ﺑ	24
鳥	24
좋	24
˩	24
໓	24
ǀ	24
修	24
๐	24
ﺤ	24
＞	24
定	24
ϙ	24
ᜄ	24
雲	24
ꭴ	24
🅉	24
글	24
𝑊	24
ﻫ	24
ཻ	24
👘	24
〠	24
ۃ	24
관	24
ᴤ	24
面	24
⌋	24
㉫	24
紅	24
〗	24
␈	24
𖤍	24
ḅ	23
셸	23
快	23
樂	23
霞	23
𝖳	23
날	23
氏	23
侍	23
怪	23
ﾝ	23
座	23
蓮	23
ᵟ	23
ದ	23
잔	23
战	23
⚬	23
重	23
ヂ	23
॰	23
直	23
🏯	23
💺	23
紫	23
織	23
삼	23
ϣ	23
◮	23
옥	23
😥	23
与	23
🥫	23
洁	23
⓪	23
師	23
云	23
❸	23
万	23
暗	23
以	23
栄	23
율	23
런	23
楊	23
🚿	23
	23
⃰	23
융	23
ට	23
🚃	23
ና	23
າ	23
ϳ	23
웅	23
⒭	23
🧥	23
➞	23
𝟠	23
ਗ	23
温	23
彼	23
󠀀	23
🔀	23
	23
਼	23
🌁	23
🄵	23
依	23
ಇ	23
ｼ	23
గ	23
ỗ	22
𝟸	22
닝	22
ấ	22
ᑫ	22
功	22
맨	22
半	22
જ	22
頭	22
	22
保	22
渡	22
幽	22
ɜ	22
𝖤	22
🧇	22
🧉	22
ಂ	22
ぜ	22
↕	22
梨	22
ନ	22
沈	22
𝟖	22
⁣	22
施	22
	22
土	22
𝖧	22
᷈	22
紀	22
ೋ	22
텔	22
𝔘	22
◃	22
०	22
肉	22
东	22
ʾ	22
	22
叶	22
ܠ	22
뱅	22
⚀	22
켄	22
❨	22
洋	22
ུ	22
越	22
康	22
ﺕ	22
ꪜ	22
市	22
😰	22
ᛋ	22
︡	22
寿	22
🚕	22
ẇ	22
ር	22
망	22
﴿	22
↻	22
넬	22
꘩	22
ͯ	22
长	22
婊	22
🏨	22
ӽ	22
民	22
𓃟	22
գ	22
헌	22
➺	22
곤	22
ཏ	22
혼	22
⃕	22
蜜	22
	22
↲	21
팅	21
📐	21
ᛞ	21
❒	21
ܣ	21
ܬ	21
☑	21
國	21
帕	21
𐤄	21
梁	21
❻	21
魏	21
🧯	21
커	21
없	21
🏓	21
⠉	21
∉	21
𝖨	21
ಪ	21
独	21
鄭	21
深	21
🖱	21
❏	21
ಜ	21
𓅔	21
당	21
ᙅ	21
ە	21
	21
発	21
ན	21
ద	21
ẅ	21
ꌚ	21
ᚢ	21
ᴲ	21
⚈	21
任	21
品	21
ꁅ	21
琴	21
냥	21
앗	21
屋	21
📘	21
ુ	21
ິ	21
⌈	21
ǧ	21
	21
봉	21
휘	21
몽	21
ీ	21
霊	21
容	21
ǒ	21
흐	21
𝟽	21
沢	21
洪	21
ⵉ	21
ੱ	21
⌟	21
柔	21
ｪ	21
诺	21
ḵ	21
低	21
爸	21
ᛏ	21
⑥	21
教	21
回	21
変	21
ỷ	21
ੇ	21
₈	21
ല	21
ᦔ	21
〖	21
˶	21
ⅹ	21
회	21
浮	21
	20
	20
ձ	20
限	20
🕘	20
黎	20
▯	20
육	20
ᅝ	20
ꭸ	20
体	20
	20
開	20
ȁ	20
	20
郑	20
角	20
兒	20
ȯ	20
🚍	20
琦	20
ᖺ	20
⌇	20
판	20
ׁ	20
尾	20
립	20
薇	20
丫	20
핀	20
ି	20
⒯	20
	20
娃	20
∮	20
닉	20
𖣔	20
没	20
힘	20
감	20
ཾ	20
ӭ	20
柯	20
瓦	20
𝖸	20
ꦶ	20
ད	20
飞	20
狂	20
∣	20
ȩ	20
塞	20
켈	20
🚡	20
🔼	20
６	20
善	20
杜	20
蓝	20
潘	20
⋮	20
ẘ	20
큥	20
④	20
ȝ	20
剣	20
⑧	20
ঔ	20
場	20
മ	20
ൻ	20
❹	20
ﺣ	20
ే	20
索	20
ϕ	20
ṱ	20
	20
交	20
球	20
쥬	20
➌	20
ﻥ	20
易	20
⌜	20
⚭	20
➑	20
𝒒	20
향	20
🪓	20
ӓ	20
ﻔ	20
🖲	20
戴	20
⸋	20
🚥	20
⁞	20
۔	20
ㅃ	20
	20
ẵ	20
🔈	19
⓭	19
건	19
🧎	19
誠	19
ﾓ	19
∬	19
板	19
ም	19
ѝ	19
萌	19
	19
ᖘ	19
ܡ	19
歌	19
츠	19
뷰	19
ᘐ	19
델	19
𝖩	19
身	19
甘	19
	19
🏢	19
	19
泉	19
仰	19
쿤	19
互	19
ສ	19
￡	19
∔	19
꼬	19
⿻	19
⌓	19
╠	19
﷼	19
⊿	19
助	19
╔	19
浪	19
༜	19
😨	19
彦	19
提	19
⁑	19
ᵝ	19
钱	19
🚇	19
段	19
꧀	19
尚	19
娘	19
🥼	19
芳	19
벌	19
個	19
⌾	19
ೀ	19
빌	19
숭	19
言	19
旭	19
∎	19
솝	19
령	19
︠	19
麦	19
⻏	19
贾	19
կ	19
𝖯	19
ぞ	19
ꌃ	19
衣	19
曾	19
豆	19
迷	19
८	19
랜	19
독	19
ㅕ	19
ẽ	19
할	19
魚	19
ᕲ	19
巨	19
隊	19
弟	19
➋	19
ḕ	19
ე	19
😲	19
𓊪	19
９	19
ᖶ	19
将	19
🔖	19
ₚ	19
苏	19
ɤ	19
𝓧	19
ꁲ	19
澤	19
烈	19
゛	19
ఌ	19
쏘	19
⚝	19
സ	19
𓂸	19
ೇ	19
ᐤ	19
➢	19
ಚ	19
㊎	19
⃚	19
	18
崔	18
劳	18
	18
	18
破	18
𝖡	18
검	18
ŉ	18
	18
画	18
食	18
ژ	18
弥	18
⚁	18
贤	18
御	18
衛	18
⒴	18
✐	18
⠙	18
ㅉ	18
𝗫	18
	18
ỹ	18
ⅽ	18
೫	18
宁	18
₢	18
ಣ	18
牛	18
🥘	18
특	18
싸	18
⒮	18
毛	18
ੋ	18
셰	18
４	18
든	18
	18
╗	18
根	18
항	18
ﺩ	18
極	18
灵	18
ᛗ	18
존	18
🕑	18
ስ	18
դ	18
ẳ	18
┛	18
⠞	18
	18
ϔ	18
	18
📗	18
度	18
ஓ	18
輝	18
咲	18
ᘻ	18
絵	18
㉦	18
✛	18
吾	18
ㅿ	18
孔	18
ର	18
⑨	18
ϡ	18
ॉ	18
션	18
⏝	18
	18
	18
չ	18
線	18
➤	18
⚉	18
ⵙ	18
𝟿	18
ᶩ	18
嚚	18
﴾	18
🚐	18
𓁺	18
ज़	18
➏	18
학	18
𓂺	18
ӡ	18
𖦹	18
뮤	18
ȇ	18
𓇼	18
ᶯ	18
ắ	18
ਊ	18
⚆	18
電	18
態	18
잭	18
ƫ	18
𝑿	18
㊼	18
ມ	18
⅐	18
߷	18
⋯	18
ᵯ	17
	17
↹	17
↱	17
	17
መ	17
奧	17
🛅	17
形	17
杏	17
🕗	17
ভ	17
	17
덕	17
ㅛ	17
👡	17
➪	17
멍	17
ǩ	17
짜	17
津	17
න	17
	17
集	17
౯	17
坂	17
ڼ	17
ﺟ	17
ﺘ	17
▣	17
쟈	17
舞	17
ນ	17
⠓	17
ᕈ	17
ḃ	17
⁀	17
╣	17
現	17
┒	17
ܫ	17
園	17
팔	17
ἰ	17
ﺂ	17
ᚺ	17
🦟	17
⠍	17
	17
ത	17
ẗ	17
პ	17
ῆ	17
ὶ	17
宏	17
ٖ	17
化	17
☋	17
혀	17
累	17
য়	17
ǹ	17
血	17
ⴑ	17
头	17
裕	17
ǔ	17
➬	17
ꙮ	17
ぢ	17
ȅ	17
	17
露	17
次	17
像	17
잇	17
妹	17
⠋	17
झ	17
꿀	17
ằ	17
孝	17
✃	17
颖	17
🦽	17
𝟺	17
微	17
𝟭	17
浦	17
味	17
웨	17
업	17
ᵊ	17
య	17
ொ	17
＃	17
⁕	17
戈	17
远	17
就	17
ṥ	17
ེ	17
ᐱ	17
𝙌	17
ઈ	17
⚇	17
વ	17
ϖ	17
㏘	17
⁝	17
༊	17
ꇙ	17
ﾂ	17
ﯾ	17
ᱬ	17
ѫ	17
‣	17
익	17
담	16
	16
ో	16
ﾄ	16
亨	16
🪂	16
ᐄ	16
瑜	16
ׂ	16
꒪	16
油	16
분	16
所	16
ᘍ	16
丿	16
🦼	16
⁍	16
解	16
➀	16
և	16
矢	16
	16
	16
ฑ	16
༗	16
꒝	16
딜	16
រ	16
ស	16
ី	16
께	16
ະ	16
ཡ	16
许	16
ો	16
横	16
阳	16
宗	16
콩	16
ꦺ	16
峰	16
🔕	16
멘	16
⛴	16
콘	16
ᐟ	16
ฌ	16
📏	16
韩	16
师	16
ત	16
🧺	16
	16
ᗋ	16
ﾛ	16
	16
࿎	16
	16
欧	16
♇	16
돌	16
₸	16
ᖙ	16
ᖻ	16
ཊ	16
摩	16
☍	16
괜	16
ফ	16
𓁿	16
응	16
텐	16
➟	16
௰	16
因	16
賢	16
始	16
எ	16
쫑	16
羊	16
祖	16
ް	16
ⵎ	16
표	16
庭	16
落	16
ˁ	16
伝	16
糖	16
ꀭ	16
ぉ	16
熙	16
ⱼ	16
ཨ	16
灰	16
兄	16
⋊	16
寂	16
𝟰	16
護	16
🚎	16
己	16
࿋	16
ɚ	16
霖	16
뽐	16
ㅓ	16
制	16
祐	16
😮	16
竹	16
⍫	16
ῖ	16
색	16
区	16
밥	16
ઇ	16
ⅴ	16
吸	16
⺣	16
అ	16
朗	16
⌄	16
﹣	16
⟡	16
〘	16
〙	16
କ	16
˭	16
🚋	16
ట	16
念	15
𝟼	15
芸	15
広	15
族	15
暴	15
ƣ	15
卓	15
漂	15
赖	15
記	15
ই	15
𐤉	15
𐤅	15
ӧ	15
番	15
	15
락	15
銀	15
考	15
佑	15
📙	15
台	15
支	15
案	15
ꮺ	15
７	15
欢	15
ላ	15
売	15
常	15
⟁	15
≜	15
第	15
헨	15
射	15
ট	15
🧮	15
𝟤	15
ં	15
ẍ	15
鉄	15
︴	15
団	15
❽	15
岩	15
灬	15
센	15
𝟫	15
┗	15
点	15
卫	15
ᐸ	15
뚱	15
갓	15
⋇	15
꺼	15
貝	15
✢	15
ⅶ	15
됴	15
𝟾	15
塚	15
를	15
ڵ	15
社	15
氷	15
🏸	15
ፈ	15
后	15
┬	15
余	15
麥	15
气	15
內	15
蒙	15
莹	15
꙳	15
불	15
	15
登	15
ậ	15
韬	15
󠂪	15
길	15
实	15
	15
足	15
孟	15
ؚ	15
མ	15
ớ	15
🅇	15
▨	15
✜	15
교	15
ฆ	15
港	15
斗	15
셔	15
ᴆ	15
再	15
ḛ	15
⃜	15
密	15
ῗ	15
❚	15
ᚷ	15
😣	15
യ	15
⏫	15
ǃ	15
ܒ	15
ତ	15
집	15
ầ	15
∼	15
㉿	15
ട	15
ᴖ	15
ꋖ	15
ⴝ	15
❪	15
術	14
	14
ꕤ	14
얼	14
儀	14
🥮	14
非	14
完	14
퀸	14
院	14
范	14
⒦	14
ᙏ	14
😖	14
优	14
	14
書	14
	14
	14
ｴ	14
陰	14
청	14
雯	14
謝	14
童	14
🏑	14
傅	14
ັ	14
毒	14
玫	14
ǵ	14
𝖦	14
朝	14
忘	14
랄	14
⚐	14
萍	14
淑	14
	14
零	14
합	14
洲	14
妻	14
ᙖ	14
浜	14
ອ	14
골	14
ꋫ	14
본	14
샘	14
┎	14
𓆑	14
尸	14
ꦤ	14
	14
ｨ	14
↵	14
편	14
量	14
	14
强	14
ȭ	14
宜	14
	14
ӑ	14
倉	14
ꮝ	14
皮	14
귤	14
⍥	14
🟡	14
ㄙ	14
헬	14
湯	14
৳	14
住	14
🕙	14
囧	14
➂	14
ड़	14
乱	14
ʶ	14
🧴	14
⒨	14
또	14
삐	14
🔢	14
쿱	14
ᜅ	14
느	14
詹	14
쉬	14
절	14
ʿ	14
萱	14
兎	14
荷	14
莲	14
飯	14
𝑄	14
杉	14
研	14
⿲	14
＆	14
써	14
❺	14
ੂ	14
ḇ	14
⌠	14
🤏	14
🚆	14
瑪	14
𓃬	14
柳	14
〤	14
⌂	14
᪥	14
恨	14
造	14
♮	14
દ	14
⋙	14
維	14
董	14
❩	14
ㄎ	14
息	14
ஞ	14
蝶	14
𝘲	14
¼	14
적	14
妖	14
↷	14
扬	14
먼	14
ң	14
州	14
ぅ	14
겨	14
ష	14
涼	14
උ	14
ു	14
桐	14
眼	14
鏡	14
𝘟	14
ോ	14
챙	14
酒	13
∥	13
😟	13
祝	13
𖧷	13
慈	13
ờ	13
ㅔ	13
熱	13
	13
চ	13
爆	13
љ	13
	13
反	13
롬	13
獄	13
ᜏ	13
ฏ	13
费	13
ᵌ	13
	13
⏯	13
ර	13
仪	13
馨	13
机	13
አ	13
অ	13
	13
	13
辺	13
冷	13
	13
샬	13
報	13
📮	13
ຊ	13
ᵓ	13
官	13
彭	13
꒻	13
﹃	13
桂	13
ճ	13
😯	13
看	13
외	13
耀	13
ຍ	13
	13
兹	13
程	13
ᛒ	13
ꦿ	13
ﺒ	13
持	13
旦	13
𐐺	13
泽	13
⍋	13
寶	13
휴	13
🗓	13
🔤	13
	13
这	13
吃	13
钟	13
❙	13
⇑	13
	13
⏸	13
럼	13
ㄇ	13
ㄈ	13
改	13
ᶓ	13
ᖽ	13
⅀	13
然	13
΄	13
季	13
玄	13
ﻝ	13
池	13
ẫ	13
ḝ	13
ǚ	13
⋏	13
兵	13
뽀	13
妃	13
ᵠ	13
ༀ	13
ﻹ	13
૭	13
🔽	13
ദ	13
賀	13
汀	13
눌	13
📫	13
ު	13
작	13
終	13
	13
큐	13
冰	13
ᕐ	13
叫	13
条	13
歩	13
碧	13
질	13
ⅿ	13
ǭ	13
វ	13
盗	13
⌊	13
폴	13
ở	13
ঌ	13
典	13
律	13
柱	13
🧰	13
眠	13
ᵴ	13
ꄲ	13
ᾱ	13
ⲛ	13
⓿	13
ẑ	13
肯	13
赵	13
⏏	13
耶	13
▧	13
ｿ	13
ᶏ	13
🧻	13
੮	13
通	13
､	13
ヶ	13
	13
᥇	13
ᶘ	13
説	13
ⴉ	13
ஹ	13
ﾠ	13
ἑ	13
〒	13
ẩ	13
줘	13
𓏻	13
ͳ	13
兔	13
８	13
ᛍ	13
℅	12
📅	12
ᗜ	12
했	12
ẋ	12
𝟮	12
凌	12
徒	12
昭	12
孙	12
咯	12
辛	12
칠	12
獣	12
ः	12
	12
ধ	12
ᾶ	12
⠧	12
被	12
蘇	12
⇄	12
쁘	12
ꮴ	12
	12
敵	12
벤	12
ಬ	12
ǘ	12
ῃ	12
仲	12
۱	12
🧽	12
슐	12
尻	12
ຸ	12
ᶽ	12
絲	12
翁	12
➃	12
滅	12
🛤	12
	12
历	12
氣	12
骨	12
ත	12
＋	12
શ	12
薩	12
చ	12
ḍ	12
ᾗ	12
ᘮ	12
ͮ	12
ꂑ	12
與	12
ﻛ	12
ᶢ	12
〓	12
仮	12
ᛊ	12
ꦩ	12
ꦴ	12
패	12
몰	12
	12
響	12
⍳	12
ȫ	12
砂	12
ይ	12
壘	12
ȍ	12
ӊ	12
ራ	12
寺	12
爵	12
祥	12
ჯ	12
曉	12
ﾶ	12
蛮	12
ብ	12
╫	12
⒰	12
夕	12
詠	12
처	12
ꦲ	12
辉	12
［	12
］	12
়	12
🔘	12
⑬	12
힐	12
녤	12
➭	12
很	12
렛	12
📳	12
荣	12
ܼ	12
期	12
∄	12
激	12
邱	12
∱	12
ਟ	12
⨂	12
热	12
🆀	12
ଦ	12
ય	12
屁	12
機	12
പ	12
➓	12
랗	12
އ	12
灯	12
ỡ	12
ⲁ	12
뿡	12
蒼	12
🥍	12
ꪊ	12
只	12
ḥ	12
‖	12
琼	12
弓	12
虫	12
話	12
闇	12
염	12
咪	12
པ	12
	12
葛	12
ꂵ	12
ゔ	12
柏	12
⊛	12
ᐠ	12
ⵄ	12
હ	12
༆	12
◅	12
股	12
進	12
ⵏ	12
ᄊ	12
𓃶	12
ⴎ	12
ϗ	12
语	12
ܲ	12
ઉ	12
敗	12
↶	12
尊	12
ᶅ	12
덩	12
➽	12
⒝	12
𝟵	12
輪	12
ម	12
ᕊ	12
ᧁ	12
직	12
⌲	12
˅	12
శ	12
伤	12
똥	12
잼	12
ᶐ	12
❫	12
	11
繁	11
榮	11
派	11
允	11
ල	11
붐	11
ᮔ	11
᮪	11
婉	11
暁	11
	11
ຕ	11
ͺ	11
	11
守	11
탕	11
ⅼ	11
ﺀ	11
ﾍ	11
翠	11
干	11
🚉	11
受	11
ͽ	11
靜	11
包	11
⚦	11
	11
伍	11
▻	11
潔	11
	11
早	11
ວ	11
ସ	11
꒦	11
⒣	11
	11
➆	11
ਣ	11
🪀	11
ᄅ	11
毅	11
ⅻ	11
ᶱ	11
ꦥ	11
뒤	11
ᴧ	11
റ	11
ｽ	11
통	11
	11
🟢	11
朽	11
ᐝ	11
	11
𓅿	11
运	11
𝟥	11
巻	11
ﺃ	11
率	11
ⱴ	11
悠	11
⇇	11
⋋	11
짐	11
🎑	11
賊	11
랙	11
	11
	11
	11
放	11
럿	11
	11
查	11
🈺	11
썬	11
랴	11
♙	11
坏	11
純	11
卢	11
𝘘	11
ﭢ	11
虚	11
ﻜ	11
ሃ	11
죽	11
义	11
ҏ	11
ৰ	11
툥	11
ୀ	11
﹡	11
瑠	11
𝖴	11
햇	11
ീ	11
ރ	11
片	11
룰	11
렐	11
豐	11
ނ	11
ⵜ	11
	11
ᚠ	11
ฤ	11
ⲙ	11
葵	11
唐	11
ደ	11
‰	11
ڠ	11
ѱ	11
ᛉ	11
📨	11
🥙	11
照	11
ỿ	11
ҁ	11
╕	11
蛋	11
ꁴ	11
🟣	11
风	11
ﷺ	11
⍒	11
	11
𓍯	11
如	11
ꊼ	11
ஒ	11
	11
ƻ	11
긴	11
🚖	11
援	11
໋	11
ㅒ	11
록	11
紗	11
ｶ	11
➎	11
ꏳ	11
會	11
ᵡ	11
┇	11
逸	11
ἷ	11
𝟻	11
϶	11
ㄔ	11
논	11
打	11
ԏ	11
ﾗ	11
⇛	11
먹	11
朴	11
ᕵ	11
ڕ	11
禅	11
ಅ	11
≽	11
찮	11
蛇	11
ჲ	11
⸙	11
╺	11
឵	11
	10
綺	10
군	10
넌	10
菊	10
	10
꿈	10
⅓	10
薬	10
穆	10
	10
𝟦	10
㊣	10
隆	10
ヲ	10
送	10
拳	10
赫	10
∷	10
丘	10
猿	10
遊	10
⌔	10
➥	10
🕖	10
ൠ	10
㋖	10
ӣ	10
列	10
甜	10
ﺗ	10
𝗑	10
哀	10
	10
ම	10
颜	10
裡	10
	10
取	10
廉	10
ດ	10
ີ	10
于	10
付	10
❘	10
慶	10
맹	10
共	10
ᐃ	10
댜	10
参	10
	10
喵	10
曲	10
☒	10
恒	10
ⱦ	10
ⅵ	10
ﻘ	10
ṋ	10
連	10
ố	10
ᛃ	10
錢	10
猪	10
◒	10
끝	10
♺	10
ﻱ	10
	10
	10
ೂ	10
ೕ	10
诚	10
約	10
ሳ	10
服	10
ể	10
🕍	10
⒥	10
⇉	10
⋌	10
╾	10
☲	10
ङ	10
ྃ	10
為	10
🔃	10
鄧	10
쉐	10
⦿	10
⊘	10
泣	10
ๅ	10
	10
至	10
킨	10
ﻩ	10
່	10
昂	10
謙	10
阪	10
额	10
ꮵ	10
ᔑ	10
妇	10
普	10
怒	10
ऋ	10
軍	10
琉	10
拓	10
	10
章	10
⃗	10
到	10
ۈ	10
ሚ	10
ⵔ	10
찐	10
ລ	10
璇	10
演	10
蕾	10
ሰ	10
এ	10
ং	10
号	10
为	10
	10
ἱ	10
ຟ	10
펠	10
🛏	10
諾	10
亡	10
去	10
⒞	10
ਡ	10
増	10
ટ	10
މ	10
凵	10
仔	10
🗒	10
ໄ	10
宿	10
们	10
ṍ	10
𝖶	10
ᴓ	10
ἕ	10
⇣	10
璃	10
圣	10
弾	10
⠅	10
≼	10
萬	10
更	10
⋘	10
🗾	10
頓	10
來	10
稲	10
닌	10
藍	10
૱	10
ૅ	10
떡	10
௹	10
௸	10
않	10
ⵓ	10
獨	10
関	10
ᵄ	10
ꮀ	10
魯	10
奶	10
𓆲	10
떠	10
𓄿	10
ⲓ	10
᥉	10
默	10
ૂ	10
匹	10
❑	10
須	10
堂	10
玖	10
升	10
貓	10
弘	10
壊	10
˹	10
ᗫ	10
ḑ	10
⩙	10
満	10
ί	10
᭙	10
ణ	10
ऊ	10
균	10
˼	10
姜	10
🗜	10
😧	10
ډ	10
ᐺ	10
ẻ	10
ⲟ	10
朋	10
ⅸ	10
𝟯	10
𝖵	10
时	10
写	10
𖥸	10
⛾	10
❮	10
⇪	10
	10
苦	10
帆	10
댕	10
征	10
仝	10
予	10
▩	10
〝	10
औ	10
🗅	10
៵	10
ٜ	10
ۍ	9
澄	9
ቤ	9
罕	9
𓅃	9
⊤	9
	9
蓉	9
	9
맥	9
উ	9
芝	9
婴	9
役	9
創	9
	9
	9
𓁥	9
👚	9
싱	9
쉴	9
罪	9
℺	9
傷	9
系	9
⒟	9
ᶣ	9
뜨	9
⏬	9
	9
垢	9
鼠	9
从	9
阮	9
瑰	9
➈	9
扎	9
	9
℁	9
﹄	9
潤	9
ᘎ	9
🗂	9
༩	9
📋	9
馮	9
ꦢ	9
ꦠ	9
ང	9
ཐ	9
愚	9
ὄ	9
⍵	9
吹	9
酷	9
啦	9
争	9
๘	9
说	9
ജ	9
樣	9
윌	9
育	9
ʠ	9
럽	9
🕓	9
	9
𝗾	9
휸	9
ồ	9
ཱ	9
🚅	9
ꦱ	9
ꦭ	9
	9
움	9
ﾁ	9
㊚	9
彬	9
ണ	9
탬	9
刺	9
ܟ	9
ﻞ	9
舒	9
⠚	9
声	9
갈	9
ተ	9
緑	9
帅	9
ಟ	9
번	9
ৡ	9
泥	9
ఇ	9
옌	9
苗	9
⚨	9
🦮	9
婦	9
𝟩	9
	9
압	9
ﮧ	9
ꊰ	9
ﻗ	9
军	9
𓄁	9
呀	9
ި	9
ກ	9
ເ	9
	9
呂	9
賴	9
乳	9
妍	9
𓆗	9
‑	9
ᘛ	9
巧	9
沃	9
⛇	9
던	9
采	9
બ	9
⎯	9
📔	9
ා	9
⸜	9
🦿	9
	9
悦	9
ᚐ	9
煙	9
	9
꙯	9
ộ	9
ލ	9
↰	9
混	9
╘	9
᛫	9
ພ	9
ܔ	9
用	9
伙	9
잊	9
而	9
ꉔ	9
ꌦ	9
倪	9
凶	9
𓆚	9
ﾀ	9
⋁	9
ሮ	9
沒	9
ਸ਼	9
੧	9
ῂ	9
茵	9
ӵ	9
料	9
ϸ	9
༏	9
ⅷ	9
ം	9
ષ	9
斐	9
챠	9
😦	9
ῠ	9
ਂ	9
평	9
ᄉ	9
݂	9
規	9
革	9
ꜞ	9
轩	9
⍙	9
読	9
➻	9
仕	9
⇔	9
豚	9
⌞	9
ཟ	9
媛	9
샌	9
ག	9
ܕ	9
ગ	9
邦	9
🈁	9
℡	9
亲	9
獅	9
ỏ	9
ড	9
韦	9
ୁ	9
◙	9
ॣ	9
具	9
計	9
ᝪ	9
∾	9
敬	9
᷁	9
ﺰ	9
உ	9
致	9
奴	9
巳	9
芙	9
﹔	9
ৣ	9
╩	9
忙	9
叉	9
⟆	9
🛂	9
⍷	9
ꌅ	9
⋄	9
勋	9
쥔	9
𓀐	9
ᛧ	9
🌣	8
❐	8
尤	8
🧏	8
ክ	8
ㄞ	8
🚊	8
넷	8
供	8
ග	8
悅	8
ꭽ	8
ዳ	8
ϥ	8
政	8
ণ	8
ᗗ	8
ચ	8
✓	8
	8
	8
拿	8
俺	8
⬢	8
急	8
⊼	8
ǯ	8
許	8
睿	8
닐	8
🈷	8
折	8
迎	8
	8
末	8
殿	8
덴	8
指	8
絶	8
♲	8
	8
⠛	8
७	8
	8
	8
靈	8
孤	8
ක	8
	8
汁	8
킹	8
５	8
້	8
旅	8
撃	8
폭	8
穂	8
	8
左	8
ㆆ	8
🦨	8
ካ	8
哉	8
ᚳ	8
깡	8
ᮤ	8
种	8
튱	8
ۨ	8
綾	8
茹	8
昀	8
ㄠ	8
ᾧ	8
ɰ	8
ڶ	8
莊	8
壮	8
ሀ	8
	8
🧾	8
ꦫ	8
므	8
ㄋ	8
ӥ	8
型	8
𝟧	8
難	8
疲	8
⦙	8
ച	8
	8
🧓	8
昇	8
鶴	8
ነ	8
徳	8
勃	8
❿	8
防	8
於	8
థ	8
▊	8
	8
廖	8
📇	8
➼	8
ʤ	8
追	8
묵	8
	8
鳳	8
ꐕ	8
ự	8
ﮯ	8
ཉ	8
⊺	8
注	8
𝑍	8
牧	8
齐	8
ꈊ	8
⠃	8
铃	8
鍾	8
캔	8
柿	8
練	8
跡	8
ታ	8
술	8
航	8
ూ	8
毕	8
凛	8
橘	8
긔	8
ⲧ	8
ⲉ	8
黛	8
ਆ	8
컴	8
ᐷ	8
𝟱	8
书	8
誰	8
팜	8
瑩	8
权	8
때	8
ⵍ	8
ქ	8
․	8
॑	8
𐌀	8
🍘	8
ិ	8
ᥕ	8
ꮡ	8
ѐ	8
ꮊ	8
⏎	8
曹	8
应	8
	8
狄	8
傻	8
戰	8
ᓿ	8
𓄀	8
ᶖ	8
랩	8
📩	8
	8
琥	8
珀	8
⊀	8
客	8
ઝ	8
睡	8
ტ	8
饿	8
ꍌ	8
恐	8
″	8
薄	8
队	8
ត	8
➲	8
𓁛	8
ἇ	8
ㄊ	8
돼	8
⅍	8
⅋	8
⠥	8
着	8
🈚	8
ᵚ	8
른	8
ᖷ	8
🚱	8
ḩ	8
楓	8
	8
🦻	8
ӟ	8
ﺖ	8
갸	8
📥	8
烏	8
児	8
ₔ	8
ꅏ	8
鴉	8
🪁	8
冯	8
ﺸ	8
勉	8
᥆	8
ᵦ	8
ྲ	8
섹	8
ਧ	8
	8
𝑞	8
ណ	8
징	8
ঁ	8
	8
⁅	8
寧	8
ඹ	8
ᶛ	8
⌝	8
ᅡ	8
曜	8
墓	8
枝	8
	8
ᗣ	8
ˉ	8
ꠥ	8
👝	8
ꭳ	8
權	8
ｳ	8
ⲕ	8
ⵢ	8
🧅	8
ۅ	8
ѿ	8
듀	8
推	8
𝟳	8
兆	8
︸	8
﹠	8
ɋ	8
팝	8
짓	8
ꜛ	8
ᴌ	8
ㄆ	8
ଜ	8
婆	8
‥	8
✑	8
җ	8
ㄓ	8
쓸	8
۳	8
裴	8
꒯	8
꿍	8
ᙍ	8
ਖ	8
╲	8
℄	8
浅	8
꒡	8
빙	8
ˠ	8
	8
▥	8
വ	8
충	8
ߙ	8
⃦	8
భ	8
𑀀	8
ᴽ	7
	7
箱	7
족	7
	7
见	7
ꮷ	7
𓆡	7
	7
톤	7
땅	7
⊖	7
學	7
ὰ	7
⑭	7
젊	7
ㄘ	7
盧	7
奎	7
霓	7
	7
ێ	7
ꙩ	7
욘	7
ｵ	7
趙	7
塩	7
ස	7
渋	7
ወ	7
販	7
󾓦	7
ମ	7
ᵰ	7
➅	7
眉	7
庆	7
េ	7
즐	7
﹌	7
勤	7
執	7
ᚹ	7
ꦸ	7
鱼	7
痴	7
ｸ	7
ﾃ	7
ἅ	7
給	7
씽	7
辰	7
샨	7
別	7
ֲ	7
汤	7
昕	7
瑟	7
딩	7
꒚	7
笨	7
튠	7
ḹ	7
📑	7
譚	7
⤷	7
അ	7
ຣ	7
娟	7
ӛ	7
綿	7
狸	7
	7
킬	7
顺	7
앟	7
ꦮ	7
投	7
虹	7
黙	7
ऀ	7
引	7
简	7
	7
	7
認	7
復	7
⊅	7
羡	7
ﺓ	7
죠	7
➣	7
杀	7
እ	7
ﻄ	7
⒡	7
➁	7
널	7
ఆ	7
休	7
斌	7
થ	7
같	7
嶋	7
選	7
萧	7
๗	7
墨	7
쳐	7
产	7
🅠	7
歳	7
컬	7
句	7
ٺ	7
램	7
訳	7
症	7
ꆰ	7
ҧ	7
ᓍ	7
賈	7
盈	7
爷	7
ᓚ	7
ާ	7
胜	7
願	7
ﺇ	7
풀	7
災	7
盛	7
밋	7
졸	7
⁐	7
	7
ٲ	7
팀	7
칸	7
⏠	7
汪	7
建	7
⠏	7
ꝁ	7
ය	7
頹	7
誕	7
寛	7
˞	7
霧	7
목	7
⍱	7
顔	7
ក	7
必	7
활	7
🤿	7
居	7
۲	7
℥	7
ཎ	7
ꄐ	7
	7
➝	7
垣	7
ꉣ	7
寒	7
跑	7
ञ	7
➠	7
𓇋	7
ﺯ	7
街	7
⠽	7
ᛈ	7
令	7
ᑢ	7
鸿	7
⎋	7
房	7
फ़	7
幻	7
⊚	7
ῐ	7
駄	7
බ	7
ᾷ	7
በ	7
ማ	7
晃	7
ῤ	7
各	7
࿓	7
求	7
⌀	7
过	7
复	7
ⲇ	7
椎	7
翼	7
総	7
燦	7
薙	7
韓	7
ጊ	7
袋	7
↨	7
牙	7
	7
খ	7
⍩	7
ﺦ	7
円	7
윗	7
専	7
≣	7
ୟ	7
ବ	7
脚	7
姚	7
桑	7
玩	7
覚	7
꒤	7
疼	7
ຫ	7
ᐅ	7
농	7
࿗	7
🧈	7
থ	7
🥏	7
怕	7
圭	7
囟	7
艳	7
≌	7
椿	7
晓	7
⇚	7
谭	7
ۑ	7
𝑋	7
ნ	7
ፚ	7
𝖥	7
≒	7
霜	7
	7
잠	7
⑩	7
∶	7
ṷ	7
喬	7
𝟲	7
礼	7
ֱ	7
吧	7
轻	7
	7
┅	7
＇	7
🩹	7
ϼ	7
⋞	7
६	7
⌷	7
ℿ	7
门	7
伽	7
🗃	7
姬	7
ީ	7
ҷ	7
欲	7
状	7
ὗ	7
📄	7
ঙ	7
	7
🟧	7
凍	7
홀	7
陸	7
🚞	7
映	7
낸	7
昌	7
勳	7
ổ	7
᯽	7
異	7
𐄀	7
옒	7
芽	7
₋	7
ꈼ	7
岐	7
ഒ	7
📃	7
ꀯ	7
﹒	7
ⴽ	7
࿇	7
锟	7
❰	7
⨾	7
⟅	7
ௌ	7
﹕	7
᠌	7
𓏮	7
	6
	6
𓆞	6
燃	6
팡	6
₌	6
陷	6
픽	6
	6
梓	6
實	6
ὠ	6
車	6
裸	6
ਯ	6
ৌ	6
➄	6
勞	6
	6
景	6
頼	6
㊛	6
🕚	6
酱	6
	6
ﷻ	6
뀨	6
ಭ	6
ｺ	6
芷	6
旻	6
춘	6
ٿ	6
둘	6
筱	6
ꙭ	6
빗	6
ﾙ	6
船	6
雀	6
ଲ	6
ꉻ	6
𓁞	6
楼	6
鸣	6
┲	6
퓨	6
뚝	6
涙	6
满	6
锐	6
印	6
貞	6
◓	6
⌥	6
ഷ	6
െ	6
秘	6
ᵪ	6
𝝙	6
双	6
揚	6
᭄	6
ẖ	6
𓁈	6
맞	6
	6
ゐ	6
ಷ	6
🖑	6
𝟢	6
📂	6
ዮ	6
敢	6
셋	6
别	6
	6
甄	6
ӗ	6
᷇	6
岸	6
ფ	6
	6
	6
苑	6
돈	6
乎	6
匠	6
剑	6
꧋	6
얗	6
	6
ﻃ	6
ᗠ	6
띵	6
꦳	6
闘	6
낭	6
॔	6
昱	6
➇	6
믿	6
渕	6
	6
털	6
례	6
છ	6
條	6
操	6
못	6
	6
셉	6
ᚪ	6
茨	6
캡	6
ﺬ	6
呢	6
룸	6
ḫ	6
ೈ	6
ʱ	6
ሄ	6
🟠	6
𓀂	6
🚠	6
🚳	6
ਇ	6
ﺻ	6
管	6
჻	6
𐩱	6
헐	6
觅	6
콴	6
ᄋ	6
˻	6
廾	6
	6
져	6
樱	6
십	6
胖	6
🧄	6
勢	6
延	6
尹	6
图	6
ދ	6
ໍ	6
瑋	6
ⴁ	6
ছ	6
雑	6
每	6
红	6
究	6
	6
振	6
ᄒ	6
娴	6
⸅	6
ለ	6
饭	6
겐	6
陆	6
ᜂ	6
⇅	6
図	6
ѥ	6
ڬ	6
焦	6
	6
𓃾	6
沁	6
炫	6
ᚔ	6
ℸ	6
	6
ﻡ	6
ꅐ	6
決	6
╒	6
凤	6
煤	6
⁭	6
⁮	6
ྨ	6
近	6
🎽	6
悔	6
🪕	6
괴	6
統	6
𓃮	6
𓁐	6
弦	6
㎖	6
ڜ	6
ፍ	6
校	6
	6
׳	6
僕	6
蔵	6
🛃	6
ꎭ	6
쁨	6
斬	6
奏	6
🚈	6
ལ	6
⒱	6
𓃹	6
這	6
⚮	6
ፕ	6
滑	6
ۉ	6
	6
ꦪ	6
⎾	6
蔚	6
车	6
晋	6
హ	6
អ	6
韜	6
ያ	6
ௐ	6
௵	6
著	6
փ	6
藩	6
鷹	6
῟	6
她	6
坦	6
ఎ	6
ӌ	6
丈	6
𖤓	6
ὧ	6
停	6
것	6
⍦	6
輕	6
⧉	6
᜴	6
媚	6
团	6
྄	6
⑉	6
离	6
午	6
	6
ఞ	6
传	6
甲	6
廷	6
肥	6
🖒	6
ꊿ	6
ⷯ	6
辻	6
費	6
	6
偽	6
ﻑ	6
ሜ	6
盖	6
鮫	6
⇤	6
模	6
ҹ	6
↦	6
↤	6
遅	6
⇲	6
𓅗	6
ḣ	6
ᶨ	6
ڔ	6
ᴑ	6
ᑘ	6
ᚑ	6
親	6
𝗊	6
ృ	6
◛	6
ആ	6
֯	6
᥊	6
짝	6
技	6
ứ	6
𝄞	6
	6
♼	6
॥	6
ڒ	6
🈸	6
틱	6
帰	6
ˬ	6
ኤ	6
ㄡ	6
떵	6
𝖹	6
곁	6
깅	6
ᶺ	6
ᶾ	6
ຂ	6
۹	6
윙	6
ㄤ	6
ಎ	6
ꑾ	6
表	6
	6
엉	6
ﻖ	6
ཕ	6
ཝ	6
ӻ	6
؎	6
బ	6
ᘺ	6
央	6
︹	6
諸	6
⋟	6
῁	6
ਭ	6
ʼ	6
⸉	6
േ	6
␢	6
ﺡ	6
튜	6
ᑲ	6
喔	6
⇸	6
각	6
⎔	6
ꮔ	6
ᝨ	6
೨	6
ې	6
赛	6
ᐊ	6
닿	6
ȳ	6
週	6
룩	6
隼	6
⒢	6
倍	6
裂	6
゚	6
♵	6
ǁ	6
𐂊	6
ヱ	6
待	6
얌	6
逆	6
止	6
ښ	6
⃔	6
ﻢ	6
썰	6
࿏	6
⩔	6
ὲ	6
ᾀ	6
‚	6
󠇰	6
病	6
⌗	6
柴	6
‛	6
ꑙ	6
ᛅ	6
₷	6
ᙎ	6
🦪	6
汗	6
௦	6
🦺	6
╸	6
⸂	6
⸃	6
卿	6
ख़	6
	6
酸	6
ై	6
믕	6
슼	6
៩	6
㊈	6
ᛤ	6
놓	6
𑁦	6
⚟	6
ᑊ	6
핫	5
묘	5
嬢	5
▘	5
쵸	5
蛍	5
滚	5
嗯	5
阱	5
ᮒ	5
ኣ	5
	5
❬	5
❭	5
迈	5
顿	5
𝗤	5
ᔓ	5
發	5
耐	5
⊔	5
叛	5
ｭ	5
맛	5
菁	5
	5
它	5
錯	5
誤	5
業	5
養	5
興	5
银	5
淵	5
ድ	5
༥	5
臨	5
姿	5
⇡	5
豊	5
臣	5
ව	5
韵	5
흔	5
	5
録	5
ꂚ	5
宥	5
ជ	5
撒	5
	5
ແ	5
线	5
ষ	5
ශ	5
涵	5
📁	5
哒	5
ꁹ	5
鴻	5
蟻	5
	5
	5
역	5
ፋ	5
࿂	5
쑤	5
㉷	5
ᚦ	5
턴	5
ʹ	5
력	5
ᗑ	5
출	5
恭	5
ⴓ	5
᷆	5
存	5
톰	5
⌌	5
⌉	5
職	5
固	5
ꦏ	5
꧉	5
ㄐ	5
卜	5
ڧ	5
産	5
	5
靖	5
稿	5
ꓤ	5
伶	5
॓	5
ද	5
쌈	5
৹	5
답	5
ⱪ	5
關	5
ഹ	5
該	5
𓌵	5
➩	5
	5
빼	5
體	5
આ	5
已	5
姗	5
术	5
娣	5
ﺫ	5
놈	5
┤	5
├	5
視	5
両	5
倩	5
증	5
𝟪	5
ଶ	5
뇨	5
株	5
	5
ڳ	5
啓	5
略	5
⨟	5
ⴈ	5
类	5
楚	5
ސ	5
ⵡ	5
俐	5
ẁ	5
救	5
젱	5
ᔆ	5
萩	5
融	5
薛	5
旺	5
🧍	5
⇗	5
唯	5
ፀ	5
泡	5
及	5
엽	5
ገ	5
置	5
惑	5
샴	5
된	5
ᛜ	5
问	5
⁙	5
組	5
🕐	5
廿	5
ﺁ	5
過	5
ង	5
藝	5
束	5
ﻼ	5
ủ	5
ꮟ	5
荒	5
ȕ	5
𝚲	5
资	5
ᗛ	5
∯	5
婭	5
陶	5
␛	5
ꁝ	5
უ	5
ӱ	5
抽	5
𓁢	5
佛	5
ប	5
歇	5
ባ	5
ቢ	5
⏹	5
例	5
ꀍ	5
ሞ	5
応	5
ᴐ	5
栗	5
屎	5
衡	5
猴	5
緋	5
⏌	5
翻	5
ꐇ	5
惨	5
틀	5
쩨	5
ㄲ	5
⇻	5
ꊛ	5
ს	5
簡	5
௫	5
ሻ	5
ڀ	5
ܛ	5
㈦	5
ܿ	5
	5
展	5
𓂊	5
员	5
等	5
遥	5
蓓	5
탸	5
۸	5
歐	5
⏲	5
ᵼ	5
ⴷ	5
ᴃ	5
⇘	5
雙	5
럴	5
🖨	5
ꍩ	5
ⲏ	5
游	5
⑫	5
𝟴	5
⌆	5
͵	5
称	5
🛇	5
瓜	5
‐	5
督	5
傳	5
留	5
免	5
領	5
퐁	5
ಆ	5
呼	5
害	5
凜	5
務	5
멋	5
	5
磊	5
叔	5
ﮪ	5
ٻ	5
ᐳ	5
裏	5
慢	5
ꮁ	5
≅	5
⇱	5
￢	5
㊝	5
ᒃ	5
錦	5
鍵	5
ໃ	5
断	5
빨	5
ᚆ	5
곽	5
髙	5
욜	5
嫻	5
沖	5
ꀾ	5
ἠ	5
찡	5
ⱳ	5
調	5
ܗ	5
ຳ	5
党	5
ꜝ	5
磨	5
符	5
丢	5
ܙ	5
器	5
転	5
וֹ	5
ុ	5
␡	5
珉	5
	5
或	5
穎	5
ৎ	5
ҋ	5
ڷ	5
ꮈ	5
覇	5
ᅚ	5
겠	5
⒫	5
ꪋ	5
蒲	5
콤	5
帯	5
📭	5
𐱅	5
𐰇	5
𐰼	5
业	5
ﺧ	5
ފ	5
抹	5
ቅ	5
厶	5
楷	5
ཌ	5
잡	5
🛄	5
낳	5
鋼	5
配	5
ฒ	5
ӫ	5
ฎ	5
맬	5
鯖	5
邁	5
速	5
眞	5
ό	5
ￍ	5
ᶮ	5
𓃥	5
⏮	5
ᏻ	5
კ	5
ἄ	5
ڸ	5
刃	5
젝	5
￠	5
ᗬ	5
炸	5
ᐧ	5
ᓇ	5
ቲ	5
༴	5
득	5
ꞈ	5
▉	5
晨	5
ಳ	5
숩	5
ҙ	5
∐	5
닛	5
邊	5
装	5
ㅖ	5
单	5
ᙀ	5
继	5
续	5
픈	5
ﻕ	5
盤	5
𖠌	5
넨	5
숲	5
屮	5
ޢ	5
𓂉	5
째	5
펭	5
귄	5
؁	5
闫	5
萊	5
ळ	5
〞	5
𓄃	5
깃	5
ᾳ	5
🗸	5
阴	5
ᚤ	5
‮	5
﹗	5
ｬ	5
嫌	5
﹐	5
ܹ	5
韻	5
᷉	5
跟	5
棒	5
࿈	5
燐	5
ᆼ	5
꒵	5
憶	5
ꟻ	5
΅	5
ﻏ	5
邪	5
徹	5
ѣ	5
则	5
˝	5
אָ	5
┄	5
假	5
坚	5
煜	5
ꎇ	5
質	5
슴	5
柾	5
𓍲	5
𓂋	5
瀟	5
🧒	5
궁	5
⳽	5
ϭ	5
〚	5
〛	5
⁓	5
⁜	5
沉	5
億	5
鋤	5
ꐞ	5
锡	5
ᥡ	5
⚞	5
𓏼	5
⌫	5
댄	4
屌	4
펙	4
菅	4
⛟	4
㍻	4
逊	4
ሊ	4
ఫ	4
	4
彥	4
企	4
ᮙ	4
呆	4
需	4
吻	4
🚻	4
ǽ	4
	4
莓	4
	4
ᾇ	4
ṓ	4
娥	4
序	4
編	4
潮	4
逢	4
緒	4
습	4
￫	4
姉	4
淡	4
	4
薔	4
롯	4
⊜	4
霸	4
퉤	4
컨	4
	4
ୋ	4
ӳ	4
們	4
	4
ꍛ	4
	4
🕟	4
傲	4
糞	4
	4
ྱ	4
ණ	4
ৃ	4
ዛ	4
尽	4
ꑛ	4
꓅	4
꒓	4
ⅳ	4
充	4
ᵻ	4
巍	4
歷	4
牢	4
𓄂	4
慎	4
۾	4
餅	4
润	4
ቨ	4
ۛ	4
黏	4
ᮓ	4
谈	4
质	4
⠜	4
瓶	4
ሐ	4
ﾋ	4
ዊ	4
캇	4
財	4
恆	4
𐂃	4
𓃒	4
	4
	4
ખ	4
话	4
횬	4
吖	4
ꮱ	4
殷	4
ꦝ	4
	4
弃	4
端	4
ځ	4
旧	4
顯	4
ᖈ	4
斎	4
ഋ	4
鬱	4
ⴀ	4
館	4
	4
拾	4
ῑ	4
绮	4
₨	4
候	4
༦	4
굴	4
☷	4
ී	4
積	4
ﺛ	4
佰	4
垃	4
🔡	4
썸	4
闩	4
頌	4
컁	4
祈	4
펄	4
検	4
棄	4
贵	4
ᛣ	4
⋂	4
ᴈ	4
ګ	4
ჭ	4
๕	4
戻	4
覺	4
ᮛ	4
녜	4
毓	4
꒩	4
菱	4
씬	4
淫	4
綸	4
⅛	4
ḗ	4
⑪	4
ཫ	4
探	4
뽕	4
⠵	4
妙	4
둔	4
┭	4
ۦ	4
늉	4
ᬶ	4
凝	4
켜	4
⓬	4
ଧ	4
ջ	4
펜	4
	4
ⴻ	4
绿	4
𐩡	4
𐩣	4
ࡇ	4
啟	4
ഖ	4
ൽ	4
疯	4
⏜	4
참	4
膣	4
⇖	4
╌	4
蘿	4
札	4
쭌	4
칭	4
ἂ	4
ಘ	4
漫	4
	4
鸡	4
ۂ	4
	4
ڝ	4
⌱	4
	4
调	4
ऽ	4
	4
ὐ	4
让	4
抜	4
⁖	4
	4
탐	4
薯	4
ᚋ	4
ᚅ	4
⇾	4
篠	4
祭	4
	4
🕜	4
캣	4
ᔖ	4
旋	4
	4
癒	4
冥	4
ᑗ	4
薫	4
🕔	4
ቃ	4
兽	4
딤	4
⤉	4
῅	4
件	4
ᶀ	4
蔣	4
⌶	4
结	4
ވ	4
擦	4
傢	4
┉	4
⤦	4
▞	4
𓏏	4
𐤔	4
暮	4
币	4
ૣ	4
侘	4
隠	4
阔	4
	4
🟥	4
⇓	4
능	4
ὦ	4
缺	4
詞	4
	4
銃	4
∡	4
⎬	4
⎨	4
ᖆ	4
ܚ	4
ᗧ	4
燭	4
ᑐ	4
ᴪ	4
吕	4
	4
倒	4
ሽ	4
茂	4
ધ	4
␟	4
禮	4
吗	4
按	4
ꁒ	4
	4
웡	4
ᓐ	4
粗	4
壞	4
站	4
ꁣ	4
༾	4
脑	4
ؔ	4
🗄	4
ۄ	4
ﻁ	4
选	4
એ	4
	4
겔	4
⊓	4
埼	4
翊	4
խ	4
腌	4
堡	4
壱	4
ᶿ	4
蓋	4
ⵀ	4
ᒚ	4
ු	4
⅔	4
ﾈ	4
𓎡	4
順	4
ⲅ	4
劇	4
銘	4
誉	4
ដ	4
医	4
확	4
ዎ	4
糸	4
ํ	4
连	4
涅	4
猟	4
ബ	4
ऐ	4
雞	4
厚	4
۴	4
	4
故	4
協	4
⓫	4
묭	4
	4
堅	4
ⴚ	4
ꃔ	4
ꑀ	4
ꃳ	4
⟣	4
⟢	4
⊳	4
	4
료	4
앰	4
⇺	4
	4
剛	4
做	4
ధ	4
ᅵ	4
絕	4
鑫	4
ἐ	4
∖	4
屄	4
⇥	4
短	4
㊅	4
˺	4
妄	4
	4
郷	4
🚄	4
ⴖ	4
ᑯ	4
ᓂ	4
ǜ	4
ਫ	4
ᕍ	4
寝	4
麟	4
彰	4
ᚇ	4
᚜	4
	4
禧	4
ທ	4
奕	4
ᔭ	4
የ	4
岁	4
￸	4
⦁	4
帶	4
ᓀ	4
町	4
ꜜ	4
臼	4
乡	4
遇	4
ꦼ	4
ٸ	4
⍮	4
ᐁ	4
惡	4
聡	4
쿵	4
⑰	4
腐	4
ꮫ	4
ᵵ	4
∜	4
쥐	4
ᔮ	4
𐌄	4
꒸	4
ᗺ	4
恶	4
େ	4
ﮃ	4
ূ	4
豈	4
醒	4
팻	4
穴	4
ṹ	4
ઢ	4
俄	4
蔓	4
稀	4
ധ	4
护	4
ﻷ	4
試	4
흠	4
ᚴ	4
ꀗ	4
￨	4
햄	4
芊	4
‒	4
电	4
ఠ	4
圆	4
킷	4
	4
抱	4
⒵	4
험	4
ӕ	4
卯	4
	4
︺	4
席	4
<	4
ﺲ	4
该	4
ሪ	4
ኮ	4
⬖	4
﹋	4
突	4
ᘧ	4
攻	4
鳴	4
ὸ	4
噢	4
⇷	4
羞	4
봐	4
ꦄ	4
	4
〶	4
警	4
ꇩ	4
∲	4
쉘	4
歯	4
归	4
憎	4
芭	4
聞	4
ঞ	4
	4
敦	4
象	4
駒	4
缘	4
얄	4
ሁ	4
ޫ	4
뭐	4
ᶊ	4
ℾ	4
禹	4
店	4
辣	4
℀	4
資	4
품	4
𝝠	4
꒑	4
떼	4
띤	4
群	4
℻	4
胆	4
哪	4
𓃦	4
伸	4
𓀀	4
吮	4
쪼	4
蠢	4
֊	4
ረ	4
茲	4
泪	4
ᓴ	4
右	4
ᙡ	4
📆	4
ֻ	4
噜	4
啥	4
背	4
쩌	4
狮	4
╟	4
╢	4
ﻰ	4
样	4
皓	4
ﾊ	4
随	4
ޝ	4
⇴	4
닥	4
죄	4
騎	4
帮	4
侑	4
왜	4
벽	4
位	4
⌤	4
戶	4
洞	4
恺	4
勛	4
察	4
ૡ	4
큰	4
ﹷ	4
便	4
粘	4
ᨗ	4
༃	4
题	4
葬	4
斤	4
ᓎ	4
∰	4
些	4
減	4
侠	4
옐	4
観	4
▮	4
첫	4
튼	4
ㄢ	4
脂	4
醜	4
細	4
ȱ	4
𐍅	4
룡	4
𐍂	4
➾	4
ໂ	4
뜽	4
	4
゙	4
ݓ	4
丞	4
ശ	4
ঐ	4
𓃓	4
觉	4
𝟨	4
ὤ	4
寞	4
鴨	4
↛	4
	4
況	4
ᶇ	4
綱	4
ዪ	4
ᐕ	4
샿	4
返	4
༂	4
뿅	4
	4
⬙	4
∛	4
	4
斑	4
府	4
杯	4
쏨	4
퍄	4
	4
ଯ	4
ొ	4
版	4
⨯	4
⸄	4
楯	4
⍝	4
逃	4
➯	4
残	4
除	4
宅	4
栖	4
ᘝ	4
ᒧ	4
璧	4
ᔦ	4
ᶶ	4
乍	4
࿅	4
筒	4
俞	4
뭉	4
᷂	4
櫻	4
染	4
桉	4
数	4
뿌	4
ᚻ	4
𓃗	4
༷	4
❴	4
❵	4
🜏	4
ढ	4
範	4
彤	4
⌼	4
ಃ	4
೯	4
雛	4
ꉺ	4
엿	4
続	4
ಢ	4
ﾎ	4
𓍳	4
貳	4
𓍻	4
១	4
⬫	4
麼	4
␚	4
ᚕ	4
៸	4
﹫	4
ᛆ	4
샷	3
ቴ	3
셜	3
⎳	3
竈	3
庄	3
⏀	3
ㄍ	3
晚	3
ᆽ	3
㏎	3
ප	3
鍬	3
련	3
某	3
⁋	3
汐	3
	3
▦	3
	3
꒧	3
乄	3
匸	3
⎷	3
𝝚	3
環	3
噩	3
꒫	3
⠒	3
翡	3
ජ	3
ݢ	3
偶	3
籍	3
	3
ڣ	3
ꮘ	3
識	3
⦮	3
艸	3
￩	3
	3
𓅫	3
ෙ	3
ඩ	3
	3
	3
	3
腦	3
≺	3
厭	3
庵	3
昆	3
票	3
胸	3
ព	3
骄	3
	3
鼻	3
ભ	3
关	3
ꆂ	3
ꏸ	3
ⴤ	3
蛙	3
ჟ	3
맑	3
𓆤	3
쉿	3
鳶	3
뇽	3
𓃢	3
爺	3
词	3
ᬤ	3
ᬳ	3
ᬸ	3
ᬮ	3
ᬦ	3
替	3
힝	3
𐌼	3
⍴	3
ᚩ	3
側	3
쿨	3
負	3
⓸	3
⓵	3
ᮃ	3
ᮯ	3
享	3
ઠ	3
篤	3
怜	3
渊	3
넘	3
ꎧ	3
٫	3
爬	3
炉	3
곡	3
ۘ	3
ۧ	3
種	3
湘	3
ἧ	3
♶	3
낱	3
導	3
≮	3
⠳	3
ﺐ	3
药	3
芯	3
懒	3
寸	3
৯	3
⌏	3
⏄	3
☴	3
☱	3
	3
軽	3
稻	3
ጉ	3
	3
ㄛ	3
캬	3
ꦂ	3
٪	3
宛	3
昏	3
確	3
숀	3
	3
凪	3
ᚈ	3
玮	3
줌	3
	3
ൃ	3
	3
圾	3
ቿ	3
ዘ	3
ጎ	3
ຄ	3
ﺋ	3
ﺨ	3
祺	3
ᗄ	3
𓀿	3
ઘ	3
	3
⁁	3
ۇ	3
⋃	3
撮	3
另	3
ꃴ	3
⇎	3
	3
ǖ	3
筆	3
𓀤	3
ᾁ	3
ᮌ	3
ꦃ	3
现	3
억	3
降	3
	3
╽	3
ﭠ	3
𐩬	3
𐩵	3
添	3
🚝	3
ଚ	3
鸭	3
唱	3
ṵ	3
ཪ	3
浚	3
렁	3
ﻒ	3
漪	3
樺	3
멀	3
	3
赃	3
ӷ	3
뿐	3
楠	3
쌍	3
늑	3
圖	3
ᘏ	3
ޙ	3
ޔ	3
ⵛ	3
ਚ	3
𐩺	3
飴	3
𓄧	3
闪	3
⅞	3
惟	3
绝	3
紺	3
쟁	3
ᄌ	3
샇	3
尋	3
샐	3
衙	3
ഠ	3
頑	3
巫	3
∌	3
暦	3
	3
洙	3
坤	3
诱	3
슞	3
脳	3
𐤓	3
	3
昔	3
	3
劲	3
艷	3
ῦ	3
笠	3
璐	3
动	3
腰	3
	3
𐌌	3
瑄	3
鹏	3
ᚏ	3
ᚉ	3
渚	3
㍿	3
猛	3
蒸	3
	3
橱	3
𓅆	3
避	3
	3
沫	3
╙	3
⊢	3
	3
呵	3
	3
🕕	3
	3
谦	3
╡	3
⍡	3
戀	3
⊸	3
	3
此	3
⋔	3
從	3
🕞	3
肌	3
㎗	3
邵	3
拍	3
ﭐ	3
	3
屏	3
溫	3
𓈖	3
勿	3
⟑	3
ᘓ	3
덜	3
ꝛ	3
軒	3
𝝤	3
ፐ	3
ῲ	3
ូ	3
𓁲	3
散	3
違	3
➨	3
⠻	3
霍	3
≾	3
𓀾	3
ᔅ	3
屈	3
ٔ	3
滕	3
␙	3
ણ	3
癌	3
총	3
餓	3
滴	3
⩤	3
稣	3
诞	3
ᒋ	3
経	3
劣	3
邓	3
	3
▤	3
ᴭ	3
ែ	3
紮	3
	3
對	3
옴	3
贅	3
▢	3
ṻ	3
𓆸	3
ɝ	3
⊏	3
흰	3
ﺄ	3
࣪	3
⎲	3
仏	3
અ	3
𓆘	3
춤	3
硬	3
⇙	3
ﬀ	3
ਐ	3
擊	3
⧫	3
ڢ	3
ⱱ	3
ꄞ	3
ﯿ	3
给	3
狭	3
ⲥ	3
ⳑ	3
廣	3
ⲭ	3
険	3
⠺	3
愁	3
૩	3
菌	3
ច	3
靛	3
炜	3
边	3
ὑ	3
↴	3
ᶷ	3
☳	3
	3
⏥	3
炒	3
ৈ	3
ৱ	3
ꓶ	3
ڟ	3
鎮	3
淋	3
铭	3
饶	3
⊆	3
	3
	3
⓻	3
გ	3
𐌾	3
׀	3
ბ	3
消	3
療	3
༟	3
ᶉ	3
	3
商	3
荡	3
ᝰ	3
颍	3
೮	3
흥	3
⇈	3
胃	3
ᆻ	3
녁	3
蕃	3
却	3
	3
ﺠ	3
ᠻ	3
ᛐ	3
曦	3
냔	3
ᾖ	3
ᶟ	3
⛭	3
ᾡ	3
聚	3
॒	3
ʮ	3
沌	3
⑮	3
𓁧	3
习	3
卷	3
𐤀	3
	3
败	3
𓆌	3
ᓪ	3
ῡ	3
엣	3
ᖅ	3
耕	3
⊶	3
ౌ	3
滋	3
	3
坊	3
ꙫ	3
३	3
멸	3
ᶂ	3
᚛	3
ᚂ	3
済	3
	3
	3
ӯ	3
𐒖	3
宰	3
論	3
較	3
ള	3
넴	3
🕧	3
芮	3
	3
洗	3
ὼ	3
끌	3
ᯅ	3
⎉	3
곧	3
ㆀ	3
ꑄ	3
ᐰ	3
瑛	3
쩔	3
误	3
	3
▱	3
૧	3
㉹	3
ڙ	3
幅	3
𖧶	3
⸎	3
請	3
鲜	3
␓	3
삭	3
𒀭	3
菓	3
ঃ	3
	3
⸰	3
ື	3
ﮬ	3
ᚥ	3
桶	3
튀	3
將	3
𖣘	3
授	3
⬤	3
戒	3
⌵	3
悶	3
否	3
ὴ	3
醉	3
▚	3
ἆ	3
魅	3
㎝	3
ᗒ	3
ᶆ	3
舌	3
𐰰	3
祎	3
弁	3
ᚫ	3
	3
ᶚ	3
淇	3
▎	3
械	3
ꌥ	3
﹙	3
﹚	3
聰	3
單	3
྾	3
ԟ	3
ዝ	3
⊝	3
懶	3
骏	3
৩	3
ጋ	3
硕	3
务	3
ꇘ	3
臭	3
単	3
ཋ	3
狠	3
펀	3
间	3
ଆ	3
ⴹ	3
볼	3
먀	3
즤	3
ﻯ	3
갱	3
貫	3
慕	3
ሩ	3
፡	3
ጆ	3
ល	3
圏	3
撫	3
⑲	3
ㇱ	3
ڨ	3
凉	3
焼	3
앞	3
납	3
ⴱ	3
亗	3
谬	3
牌	3
	3
≢	3
ᶕ	3
奪	3
農	3
笛	3
韋	3
҆	3
进	3
	3
钦	3
赢	3
극	3
⛼	3
⋛	3
핵	3
煒	3
額	3
𐤏	3
示	3
∳	3
	3
變	3
ㄝ	3
젬	3
拜	3
晒	3
ꟼ	3
⎮	3
ේ	3
ٴ	3
끄	3
ﺼ	3
ᒺ	3
恕	3
ꅤ	3
適	3
멤	3
ᶞ	3
∭	3
९	3
༛	3
ଭ	3
𓀠	3
탤	3
⚊	3
ϫ	3
≷	3
專	3
ᵲ	3
ൂ	3
募	3
╀	3
빔	3
哮	3
렬	3
娇	3
࿄	3
ᾂ	3
秦	3
焰	3
芫	3
ꙇ	3
ೌ	3
삿	3
훼	3
ಓ	3
┍	3
ᙘ	3
ཥ	3
༨	3
類	3
県	3
床	3
৲	3
쇠	3
ᐂ	3
⑵	3
ކ	3
宪	3
憲	3
ៜ	3
ῥ	3
ⷨ	3
	3
⏅	3
紙	3
腾	3
꥟	3
⤬	3
툴	3
╿	3
⌅	3
巡	3
室	3
歪	3
쿼	3
ㄜ	3
ῧ	3
〈	3
ⴢ	3
𓅭	3
ﭬ	3
🕦	3
增	3
ከ	3
卑	3
젵	3
髪	3
ឆ	3
៚	3
ᵭ	3
갑	3
᯾	3
材	3
ᥰ	3
딱	3
顫	3
깨	3
ㆄ	3
ᨕ	3
ᨔ	3
⁏	3
➮	3
渦	3
頂	3
ಐ	3
∻	3
	3
ଅ	3
ｧ	3
딥	3
২	3
茎	3
≯	3
湾	3
떤	3
맏	3
🜁	3
촹	3
￤	3
申	3
肪	3
⇮	3
ử	3
𐌃	3
鋭	3
ۏ	3
贞	3
靓	3
🖎	3
库	3
秒	3
树	3
疾	3
穏	3
員	3
ർ	3
ʡ	3
𐇵	3
蝎	3
暉	3
ㄉ	3
狱	3
ᴕ	3
ڿ	3
ڰ	3
៛	3
ᨆ	3
ᨘ	3
ᨖ	3
넹	3
📪	3
	3
架	3
俩	3
ܩ	3
嘎	3
泫	3
ԉ	3
怖	3
	3
鄺	3
ঠ	3
⓷	3
ჰ	3
ﻍ	3
嬉	3
◪	3
準	3
	3
掠	3
﹢	3
总	3
덥	3
핕	3
ხ	3
割	3
깜	3
꒶	3
◿	3
멕	3
耎	3
ኔ	3
យ	3
즘	3
ᷤ	3
흑	3
ʹ	3
儒	3
灣	3
⊍	3
枯	3
≚	3
ގ	3
	3
⛛	3
캏	3
ℼ	3
畏	3
˕	3
邕	3
ᕠ	3
깝	3
벗	3
낙	3
妏	3
⟩	3
爽	3
聪	3
份	3
滾	3
ᔨ	3
崩	3
㉣	3
耳	3
⏣	3
ಧ	3
ው	3
宣	3
ⵊ	3
뻐	3
庫	3
𑀢	3
级	3
🩲	3
뭄	3
狛	3
ᒬ	3
គ	3
⸢	3
⸥	3
稽	3
똑	3
ᴨ	3
ঝ	3
郁	3
〴	3
〵	3
ڛ	3
焔	3
쉽	3
읏	3
𐍃	3
瑚	3
ධ	3
৸	3
𓅯	3
ફ	3
냠	3
瞳	3
╃	3
협	3
ꏹ	3
亿	3
ᐻ	3
兼	3
⚶	3
ඏ	3
엶	3
朔	3
햐	3
轟	3
危	3
ꈵ	3
ൈ	3
𓂏	3
扉	3
ጠ	3
蝴	3
粉	3
雹	3
⩏	3
⤫	3
⸆	3
萎	3
敖	3
점	3
봅	3
	3
ꇴ	3
澀	3
༡	3
𝜜	3
받	3
	3
𓍱	3
堀	3
ꌈ	3
汶	3
༌	3
ᄎ	3
🪔	3
폰	3
ᒾ	3
拒	3
𖡺	3
ｦ	3
༯	3
ᐡ	3
ୱ	3
𓊆	3
𓊇	3
ᚖ	3
ꋰ	3
𖢇	3
𓍹	3
ꝅ	3
	3
	3
ׄ	3
␊	3
⃪	3
ᛌ	3
𓅱	3
༈	3
𐇮	3
ꝋ	3
🅀	3
ꙷ	3
⦂	3
ꗄ	3
𒋨	3
ᆨ	3
𓏯	3
𓏲	3
︱	3
𓎆	3
⟦	3
⟧	3
ⷶ	3
𓁍	2
ᗐ	2
	2
炭	2
𓂓	2
𓀭	2
潭	2
▝	2
	2
ᮢ	2
忽	2
뎁	2
ٛ	2
㌹	2
欸	2
먁	2
⡱	2
霾	2
	2
ᘢ	2
蠍	2
貧	2
嘴	2
ಏ	2
되	2
ැ	2
叡	2
뎌	2
霆	2
处	2
	2
㋚	2
렝	2
헷	2
呉	2
ಖ	2
丶	2
裔	2
ꜟ	2
冨	2
疫	2
汰	2
㊆	2
賞	2
賛	2
討	2
봤	2
엞	2
	2
𓁟	2
嬰	2
२	2
脱	2
︾	2
ⴃ	2
ᯪ	2
꽁	2
⑶	2
妘	2
촌	2
ූ	2
际	2
ᗌ	2
ẛ	2
⌮	2
ᶄ	2
믹	2
༞	2
↸	2
汇	2
⍰	2
ᬓ	2
᭟	2
餌	2
𓇽	2
吨	2
妤	2
	2
蒨	2
峠	2
淼	2
ꮉ	2
棕	2
晟	2
빕	2
빝	2
縄	2
	2
ㄌ	2
밉	2
๙	2
০	2
验	2
证	2
溢	2
年	2
桦	2
	2
绒	2
钻	2
취	2
葱	2
⤳	2
冂	2
姑	2
ᠥ	2
ᠭ	2
착	2
⁌	2
챔	2
扱	2
遗	2
ꦟ	2
ꓷ	2
ꓞ	2
ꓕ	2
ꓛ	2
障	2
㆝	2
≘	2
𓈊	2
ὺ	2
༤	2
冼	2
ﮎ	2
𓆄	2
ጕ	2
ሆ	2
旗	2
⍶	2
놀	2
叢	2
嬌	2
뇌	2
ᛄ	2
ᶧ	2
╆	2
ܦ	2
ᅌ	2
㉝	2
𓂧	2
粑	2
	2
좀	2
𓍼	2
쳤	2
换	2
ᮏ	2
堕	2
ᮝ	2
俪	2
旨	2
웰	2
➛	2
㊨	2
	2
	2
粋	2
뾰	2
丑	2
맴	2
紘	2
娼	2
瑾	2
╖	2
횽	2
乾	2
腹	2
侵	2
	2
ừ	2
ᬕ	2
ᭂ	2
ᬾ	2
ᬭ	2
柚	2
㉩	2
劭	2
瞻	2
荃	2
伴	2
ਝ	2
賓	2
꼭	2
푱	2
痔	2
챌	2
焕	2
豈	2
樑	2
睦	2
ⲋ	2
賽	2
╍	2
	2
ᄆ	2
삶	2
废	2
煪	2
ἃ	2
ἒ	2
	2
൫	2
飼	2
챗	2
块	2
⍬	2
镑	2
鮮	2
効	2
	2
錐	2
𐤊	2
𐤍	2
餵	2
잎	2
┿	2
烟	2
ං	2
찾	2
	2
	2
脸	2
⁘	2
	2
ᕰ	2
氀	2
ⳗ	2
ⳡ	2
〳	2
	2
邉	2
ԇ	2
霏	2
ᚌ	2
앉	2
邬	2
𓀬	2
ꉼ	2
闭	2
찜	2
ἳ	2
ᔿ	2
还	2
报	2
ᶼ	2
⛨	2
ᵿ	2
	2
饰	2
乁	2
肇	2
嗨	2
𓇙	2
	2
離	2
瑶	2
ሂ	2
汝	2
⡑	2
㊰	2
	2
毎	2
⟿	2
⌧	2
說	2
預	2
𝚳	2
𝚱	2
憂	2
⅊	2
	2
╞	2
聊	2
拗	2
繪	2
羨	2
𓁭	2
ვ	2
𓂄	2
☶	2
括	2
蛾	2
珮	2
⩓	2
⦑	2
⦒	2
ሓ	2
鹅	2
ꇵ	2
課	2
ⅺ	2
댈	2
𖡦	2
៉	2
ꝍ	2
蛤	2
穷	2
ቸ	2
還	2
់	2
빤	2
鋒	2
콧	2
ဗ	2
ီ	2
ူ	2
变	2
밸	2
ᔫ	2
蘋	2
྅	2
嘻	2
遣	2
⒲	2
➚	2
ﺢ	2
厲	2
歆	2
圧	2
碗	2
捷	2
ዐ	2
έ	2
ꦗ	2
⩥	2
ᵸ	2
醤	2
℆	2
뭔	2
ഥ	2
ꀀ	2
透	2
🂡	2
疑	2
豹	2
අ	2
፩	2
ኢ	2
ఓ	2
ଁ	2
ڇ	2
ڲ	2
肺	2
ܸ	2
ᵱ	2
證	2
౿	2
⦓	2
⦔	2
蕭	2
幹	2
	2
侯	2
脫	2
🄓	2
ᶁ	2
節	2
愉	2
싹	2
⎃	2
ｹ	2
ӹ	2
湊	2
﨑	2
⅕	2
湖	2
畔	2
ⳙ	2
⛬	2
喲	2
吏	2
╓	2
顾	2
筽	2
ⷭ	2
⨋	2
ⷪ	2
ｩ	2
ʧ	2
ꃬ	2
ꂟ	2
裁	2
搞	2
盟	2
얏	2
ᄄ	2
岳	2
排	2
貽	2
录	2
宾	2
ܥ	2
쥰	2
暖	2
슽	2
⒳	2
壁	2
槃	2
輔	2
ↂ	2
₼	2
१	2
⎤	2
芋	2
茄	2
邹	2
瀚	2
谊	2
뢰	2
请	2
쉔	2
⏦	2
禄	2
𓁻	2
쨔	2
琬	2
𝛐	2
ᗞ	2
룬	2
步	2
蕙	2
臓	2
≻	2
	2
僧	2
価	2
⏈	2
ዲ	2
೦	2
ꈜ	2
瓊	2
ὖ	2
⊲	2
贈	2
웻	2
觀	2
ﯽ	2
醬	2
⒊	2
槟	2
៊	2
ទ	2
滝	2
均	2
⅙	2
🄡	2
🄔	2
🄢	2
粱	2
乀	2
ᅮ	2
ᅩ	2
ᆫ	2
煌	2
︷	2
躍	2
௮	2
緣	2
짤	2
ᛘ	2
ᚣ	2
ᶹ	2
卵	2
巣	2
⛿	2
ਃ	2
ᾴ	2
藏	2
렘	2
ῶ	2
𐒀	2
𐒐	2
辟	2
ູ	2
ཅ	2
∓	2
诛	2
戮	2
𒇷	2
贼	2
𐤋	2
ᶝ	2
谁	2
깔	2
临	2
域	2
ᑋ	2
泼	2
刈	2
	2
⇕	2
𓃡	2
鰭	2
ᐖ	2
譯	2
晦	2
ᑦ	2
셩	2
淳	2
⊁	2
헽	2
≿	2
妗	2
纽	2
ሲ	2
┱	2
ោ	2
潾	2
՜	2
톱	2
ⴘ	2
엇	2
ᗤ	2
	2
ੲ	2
載	2
咸	2
𓍊	2
𓋼	2
◚	2
𒄿	2
幕	2
╼	2
謀	2
𓏭	2
󠀈	2
፝	2
〷	2
两	2
ჱ	2
⤘	2
彫	2
옷	2
ஏ	2
⦯	2
ᮜ	2
幌	2
溺	2
ᑳ	2
ƾ	2
ᮨ	2
ㅹ	2
⦽	2
ﾆ	2
캘	2
𓁀	2
退	2
⊷	2
𐒎	2
异	2
羯	2
ᚒ	2
𗁯	2
ፊ	2
ᓄ	2
斉	2
蹴	2
猩	2
⠩	2
顥	2
༭	2
	2
㎏	2
홋	2
낟	2
痩	2
途	2
⋡	2
縁	2
鞭	2
农	2
婧	2
ᖃ	2
𐌔	2
𐌁	2
洸	2
彗	2
仑	2
妓	2
ᄽ	2
仨	2
컵	2
	2
ⲡ	2
ⲣ	2
⌽	2
⑃	2
ॡ	2
싫	2
잣	2
浤	2
핮	2
幫	2
▜	2
ᶴ	2
针	2
⧽	2
踢	2
锅	2
ᶒ	2
曺	2
忱	2
ཚ	2
ບ	2
ྒ	2
㏍	2
纯	2
瞿	2
属	2
ൊ	2
윰	2
⅜	2
𓅄	2
ꄱ	2
왓	2
▋	2
罐	2
ዕ	2
ዱ	2
囗	2
閻	2
创	2
凹	2
憧	2
閃	2
齊	2
ꃄ	2
𓏞	2
	2
༠	2
┸	2
겼	2
	2
⃡	2
	2
깹	2
皐	2
	2
噓	2
␘	2
⺙	2
곱	2
ჳ	2
ᖳ	2
矿	2
誇	2
迅	2
椹	2
芥	2
喫	2
	2
郡	2
ጅ	2
畳	2
༇	2
შ	2
煵	2
꺄	2
ଞ	2
ህ	2
≓	2
১	2
藥	2
큼	2
𐎅	2
ⴕ	2
ഞ	2
⋐	2
㼀	2
ㄧ	2
	2
柑	2
㍵	2
⨊	2
⑄	2
ꆜ	2
풑	2
⑺	2
욕	2
ഡ	2
ሸ	2
叮	2
响	2
며	2
臻	2
遜	2
點	2
鮎	2
ﾕ	2
胎	2
瀑	2
	2
糟	2
糕	2
켓	2
ﺱ	2
ὡ	2
絆	2
წ	2
북	2
屬	2
⋚	2
핒	2
ꮕ	2
差	2
𐤎	2
ʴ	2
	2
严	2
宽	2
ը	2
돠	2
𖢖	2
瀧	2
귱	2
ɶ	2
∢	2
왔	2
陀	2
ἦ	2
迫	2
꜖	2
ᐋ	2
	2
爹	2
彌	2
⊇	2
໌	2
钰	2
잌	2
妨	2
碍	2
뉾	2
ሬ	2
頤	2
触	2
ᐦ	2
浴	2
鈍	2
뜻	2
蛆	2
㓗	2
鸟	2
ሴ	2
弹	2
ޖ	2
쾅	2
갤	2
럭	2
샵	2
ኖ	2
堆	2
ᐏ	2
ᐣ	2
ꓭ	2
	2
鹤	2
棣	2
液	2
걷	2
鯨	2
𝞚	2
𓅰	2
⋑	2
⤪	2
	2
撕	2
憐	2
	2
맙	2
經	2
ﾷ	2
ቆ	2
恪	2
檸	2
琁	2
҄	2
ঈ	2
	2
⋓	2
眩	2
卖	2
𓃖	2
植	2
𓁶	2
ᐬ	2
漏	2
⥡	2
	2
ⴙ	2
藻	2
婁	2
恬	2
您	2
苛	2
믐	2
🗹	2
窝	2
參	2
𓁙	2
𓂂	2
걈	2
𓀡	2
	2
惜	2
ᓗ	2
ꃼ	2
⧌	2
🎔	2
𓂅	2
拎	2
⅌	2
伐	2
偵	2
刚	2
৴	2
厂	2
趁	2
苔	2
𓄚	2
咖	2
戚	2
⟗	2
敷	2
駿	2
␣	2
ἲ	2
⑻	2
巢	2
寳	2
	2
ẉ	2
앋	2
囊	2
뭘	2
ሶ	2
覓	2
⧒	2
璨	2
岑	2
‷	2
‴	2
ግ	2
𝜊	2
𓅕	2
ᛝ	2
冫	2
ỻ	2
疆	2
膜	2
靄	2
	2
妳	2
ৠ	2
拼	2
鹵	2
ٶ	2
ڦ	2
צּ	2
	2
凧	2
ഐ	2
ហ	2
왈	2
莽	2
𐂛	2
ᗕ	2
楞	2
멩	2
吟	2
储	2
ᇑ	2
ఏ	2
猶	2
₺	2
萝	2
섀	2
赦	2
龵	2
渣	2
꜂	2
꜄	2
舟	2
≞	2
ཹ	2
݇	2
݈	2
碎	2
ਉ	2
舎	2
𓄅	2
엨	2
叁	2
꧈	2
ቱ	2
⅝	2
ೡ	2
ҕ	2
ᨑ	2
⌍	2
蠻	2
흘	2
底	2
ꮞ	2
⇟	2
밈	2
摸	2
胤	2
佘	2
逼	2
ᖉ	2
🕥	2
	2
﹑	2
悩	2
੨	2
੩	2
	2
ഭ	2
밐	2
⊠	2
值	2
ܰ	2
ܺ	2
ܶ	2
咃	2
⇋	2
⇌	2
懂	2
뤼	2
♹	2
량	2
	2
謁	2
팸	2
誓	2
ῇ	2
쨩	2
ۓ	2
ꜩ	2
ﺏ	2
錬	2
檬	2
󾓩	2
뱈	2
⌦	2
🔣	2
其	2
锺	2
遺	2
𐌋	2
㉭	2
캍	2
貢	2
	2
𐌕	2
ខ	2
脇	2
ﻇ	2
刻	2
讐	2
ሔ	2
鸦	2
֑	2
製	2
㝌	2
胞	2
	2
▕	2
绍	2
烂	2
职	2
ꂢ	2
｟	2
｠	2
	2
ʢ	2
哎	2
	2
震	2
㐅	2
ꚍ	2
稍	2
恢	2
销	2
⬠	2
𓆫	2
插	2
犹	2
従	2
𓀥	2
퀀	2
ཤ	2
⩘	2
⩗	2
념	2
╉	2
ܳ	2
⍑	2
暐	2
梶	2
够	2
뎅	2
ꐔ	2
잖	2
螺	2
ჴ	2
ᨙ	2
ᨛ	2
𖤥	2
ꁐ	2
〩	2
쌤	2
ᵶ	2
㊧	2
	2
𓆇	2
섬	2
腳	2
⁨	2
婕	2
狩	2
𝛢	2
ܨ	2
ꀄ	2
윷	2
ೖ	2
찰	2
芦	2
㌖	2
🂻	2
观	2
ᱮ	2
쪽	2
⊨	2
咏	2
⇫	2
⍜	2
孜	2
剤	2
砕	2
玟	2
액	2
夺	2
噶	2
锄	2
躺	2
⊎	2
֪	2
徽	2
纏	2
般	2
顏	2
﹟	2
奉	2
켭	2
⍉	2
ᑺ	2
ꐟ	2
⏉	2
⛮	2
헾	2
ଂ	2
	2
ᇂ	2
呃	2
‬	2
𓋴	2
騒	2
	2
帽	2
⸗	2
ᅢ	2
妲	2
័	2
땀	2
ꆤ	2
빡	2
	2
㎭	2
設	2
閔	2
‗	2
뜰	2
ﭛ	2
綠	2
⍂	2
倶	2
泳	2
⍸	2
餃	2
ⱸ	2
珂	2
㉕	2
𝞙	2
ੜ	2
	2
遼	2
벵	2
	2
锦	2
乖	2
審	2
魄	2
ꂠ	2
㊮	2
寅	2
设	2
备	2
菖	2
⟨	2
砲	2
苞	2
𐌠	2
﹆	2
辞	2
塵	2
契	2
ꜥ	2
ឹ	2
ਓ	2
㎘	2
塗	2
ዋ	2
𐒒	2
𐒂	2
ⴼ	2
🥆	2
ڱ	2
စ	2
雾	2
嘭	2
ꕄ	2
宫	2
𑀺	2
𑁆	2
ំ	2
ꂈ	2
⍭	2
錕	2
ゑ	2
	2
陣	2
拡	2
ᜍ	2
㊥	2
損	2
遙	2
➱	2
ꝃ	2
윶	2
꽝	2
헝	2
恰	2
似	2
稚	2
🟔	2
睛	2
铁	2
仓	2
届	2
臟	2
𓃇	2
㊍	2
ㅱ	2
漠	2
舐	2
↧	2
ﯙ	2
飘	2
≹	2
厌	2
५	2
	2
⇹	2
⍖	2
밭	2
았	2
슝	2
ὔ	2
营	2
홈	2
璉	2
댑	2
蕗	2
╄	2
涩	2
㊇	2
⠪	2
釣	2
𓁅	2
罰	2
ሙ	2
𓂃	2
펑	2
ᬊ	2
瘋	2
؈	2
ꃋ	2
ٕ	2
ഴ	2
旬	2
潇	2
	2
좌	2
媒	2
履	2
྿	2
⧝	2
붕	2
𓍝	2
┑	2
⛢	2
ଈ	2
穮	2
ꃃ	2
⬝	2
⨀	2
把	2
苓	2
𐌽	2
졍	2
랃	2
닷	2
柊	2
텀	2
挨	2
𐩥	2
ﯣ	2
𝖷	2
労	2
헿	2
懐	2
𝝂	2
煉	2
폼	2
≶	2
猎	2
ꊞ	2
𓈗	2
볶	2
珏	2
⎙	2
쮸	2
낮	2
ｮ	2
𓊮	2
ⵖ	2
뭇	2
	2
០	2
佬	2
╂	2
᭝	2
㊒	2
㊜	2
➙	2
谐	2
欽	2
⬳	2
뭏	2
𓅪	2
鉦	2
𓁨	2
駅	2
ゟ	2
ꏿ	2
	2
	2
𓀎	2
捻	2
ങ	2
𖧫	2
导	2
𓅨	2
	2
벡	2
弊	2
ᑥ	2
問	2
歲	2
戯	2
🝦	2
앓	2
厨	2
𒊹	2
麽	2
⟪	2
⟫	2
ঘ	2
棺	2
盆	2
荻	2
首	2
ປ	2
即	2
龜	2
⇽	2
橙	2
꒞	2
𓆦	2
겹	2
ⴇ	2
⤱	2
⅟	2
枚	2
癖	2
⚸	2
啪	2
備	2
惣	2
𓈝	2
𐀚	2
描	2
ᄏ	2
ꢒ	2
𐌐	2
𝄇	2
ᓯ	2
ꓮ	2
ꓠ	2
둠	2
襲	2
験	2
慰	2
⬗	2
⨹	2
凰	2
굿	2
돔	2
꿋	2
⟶	2
ꪱ	2
⸼	2
𓃯	2
ᾕ	2
暇	2
㈱	2
넛	2
継	2
赣	2
🛕	2
֗	2
習	2
獺	2
읽	2
霈	2
֎	2
숫	2
닠	2
絢	2
𖣐	2
𖠇	2
៣	2
⨏	2
网	2
廢	2
⯌	2
笔	2
𓅸	2
ꃶ	2
𓀉	2
旼	2
並	2
ݦ	2
ꝉ	2
移	2
𝄆	2
ⲩ	2
ହ	2
𐩧	2
༑	2
࣭	2
聴	2
즌	2
🕢	2
ⴲ	2
紹	2
ࣲ	2
법	2
╎	2
ꔛ	2
軌	2
ꕋ	2
껌	2
팩	2
𖠁	2
𓅒	2
⸈	2
⟝	2
▏	2
᠎	2
𓈺	2
麺	2
ഇ	2
ꓗ	2
ꓰ	2
対	2
昊	2
墩	2
쁠	2
𓁽	2
𓅢	2
𓌖	2
╴	2
鈺	2
씰	2
⚷	2
ᥟ	2
ᷚ	2
྆	2
ఊ	2
잏	2
↮	2
⳨	2
漸	2
क़	2
န	2
빎	2
흫	2
荼	2
毘	2
芹	2
乞	2
↊	2
ᚁ	2
⸻	2
틧	2
맘	2
턱	2
拽	2
ᄀ	2
ᗆ	2
⛃	2
눼	2
罒	2
𓊸	2
𒅒	2
𓀏	2
᥎	2
ᣝ	2
ᣜ	2
𐌅	2
⃥	2
🜲	2
㊑	2
𝞟	2
ꪉ	2
ゕ	2
囡	2
װ	2
ױ	2
᭡	2
ꎤ	2
细	1
概	1
㎣	1
	1
	1
	1
𓇳	1
𓄤	1
桾	1
桅	1
ᴁ	1
	1
嬑	1
❲	1
❳	1
𓅬	1
ᮕ	1
缟	1
瑙	1
벝	1
㐪	1
濃	1
훔	1
	1
埋	1
덀	1
𐊡	1
𐊯	1
𐊤	1
寇	1
鉛	1
酬	1
譽	1
訓	1
揉	1
댠	1
ൗ	1
챰	1
膝	1
糊	1
蚂	1
蚁	1
樸	1
텦	1
砰	1
构	1
贖	1
廠	1
䦹	1
穌	1
㋤	1
꒥	1
払	1
↉	1
瞬	1
⭦	1
⼄	1
📤	1
	1
ٙ	1
랍	1
羚	1
찝	1
룯	1
亅	1
揮	1
难	1
带	1
碟	1
벚	1
ᯘ	1
ᯖ	1
ᯮ	1
ᯰ	1
ᯂ	1
ᯒ	1
᯲	1
匿	1
≳	1
뤸	1
쳀	1
삔	1
羁	1
⠼	1
淪	1
⊭	1
蔏	1
逯	1
耗	1
𓁦	1
蔕	1
显	1
ꦉ	1
俣	1
ȹ	1
ຯ	1
⒍	1
퓿	1
襎	1
羌	1
祌	1
祿	1
壽	1
秭	1
⑯	1
᭢	1
責	1
较	1
𓀑	1
寥	1
깍	1
儚	1
콰	1
寨	1
	1
諧	1
⤁	1
ᮂ	1
哓	1
檎	1
֫	1
价	1
ꜧ	1
웋	1
춧	1
♸	1
纱	1
	1
	1
⋎	1
顛	1
谕	1
	1
晰	1
怯	1
峉	1
	1
燿	1
晁	1
य़	1
	1
␠	1
	1
掃	1
ኘ	1
摺	1
뻠	1
訴	1
	1
ᠲ	1
ᠷ	1
ᠢ	1
蔷	1
삽	1
湧	1
憾	1
ꦌ	1
網	1
턍	1
ꓒ	1
ꓵ	1
弈	1
댓	1
⧂	1
ᴣ	1
∦	1
屍	1
毫	1
༧	1
泇	1
ཁ	1
誼	1
듣	1
뮹	1
ሠ	1
骁	1
筑	1
ὁ	1
𣎴	1
籽	1
崖	1
适	1
岭	1
덟	1
𓈜	1
𓂝	1
呐	1
藕	1
᙮	1
烧	1
纸	1
ఘ	1
䭴	1
鵓	1
🕝	1
⊌	1
잫	1
饗	1
혬	1
𓇌	1
ѩ	1
嗜	1
읫	1
ﮭ	1
ᮞ	1
ﯕ	1
樫	1
ᮈ	1
ᮣ	1
ᮀ	1
⽁	1
⽔	1
⼛	1
亭	1
儂	1
ꦓ	1
얜	1
갼	1
麝	1
	1
彈	1
喪	1
덧	1
שׂ	1
긱	1
ﺜ	1
驢	1
陪	1
恻	1
贺	1
	1
얘	1
눙	1
	1
쟌	1
榛	1
┮	1
讀	1
샽	1
㍆	1
贩	1
ᬯ	1
ᬟ	1
ᬢ	1
㊸	1
确	1
杖	1
㉪	1
攀	1
엫	1
쏸	1
㌠	1
샺	1
৫	1
ঢ়	1
뭍	1
錏	1
脆	1
嬋	1
땜	1
싯	1
앝	1
抬	1
嚴	1
	1
౮	1
겁	1
뇰	1
篼	1
ਏ	1
될	1
	1
˾	1
렆	1
麒	1
갋	1
곖	1
ꆈ	1
䄲	1
丙	1
ἵ	1
덱	1
迦	1
仟	1
쌰	1
郫	1
辶	1
ᶑ	1
熒	1
૫	1
줍	1
壹	1
솩	1
⒗	1
霭	1
龄	1
ڃ	1
ٮ	1
⸒	1
茱	1
葳	1
昵	1
熏	1
ꀧ	1
හ	1
샛	1
֣	1
郯	1
㍉	1
㎲	1
𓅛	1
즏	1
愀	1
漀	1
ᥑ	1
𐰵	1
맃	1
𐬬	1
郗	1
ೱ	1
ᚄ	1
虛	1
⍆	1
	1
芒	1
鸥	1
➧	1
⣗	1
⣢	1
⢆	1
⣰	1
⡖	1
⢢	1
⠘	1
⡺	1
殊	1
塏	1
錂	1
㏄	1
弯	1
듬	1
쳔	1
	1
؋	1
刁	1
	1
≎	1
俏	1
怨	1
酢	1
炽	1
𓅊	1
܂	1
	1
畝	1
粒	1
拟	1
磚	1
埶	1
ᒙ	1
㊊	1
ᕳ	1
洳	1
㍭	1
弖	1
㢧	1
羆	1
⤈	1
쌀	1
멈	1
࿖	1
閘	1
靚	1
迩	1
澣	1
鷺	1
잗	1
ᗉ	1
㮓	1
憨	1
꽉	1
啲	1
唔	1
🗙	1
𝚻	1
𝛀	1
𝚬	1
ଵ	1
ᗹ	1
贋	1
壷	1
蒔	1
𓊨	1
汚	1
惙	1
蕩	1
𓂁	1
ڌ	1
隣	1
奔	1
	1
蔽	1
赐	1
	1
𓊃	1
禪	1
銳	1
罂	1
粟	1
ᐜ	1
ᓵ	1
ᕄ	1
哟	1
⨇	1
ꜳ	1
ꞥ	1
龟	1
憑	1
𝝡	1
𝝩	1
𝝨	1
尭	1
须	1
臾	1
🟤	1
룧	1
ᵬ	1
ះ	1
	1
尴	1
尬	1
녹	1
芺	1
襤	1
褸	1
뻴	1
챃	1
驒	1
嗲	1
夾	1
	1
ᕖ	1
轢	1
ሱ	1
㊭	1
	1
ᛩ	1
雏	1
	1
顕	1
﹀	1
셴	1
缇	1
偈	1
麹	1
닏	1
裉	1
ꁕ	1
␞	1
઼	1
饺	1
ᄑ	1
庞	1
辆	1
	1
岛	1
	1
𐠎	1
ꀪ	1
⚌	1
鄔	1
视	1
镜	1
ጵ	1
ഓ	1
唵	1
ڐ	1
惇	1
窮	1
옛	1
舍	1
	1
ૃ	1
禿	1
≐	1
處	1
囷	1
绘	1
幡	1
읓	1
亢	1
꫶	1
܀	1
甬	1
骇	1
贸	1
ꆛ	1
嚥	1
暨	1
퀴	1
놉	1
𒀩	1
⺷	1
鍊	1
并	1
阝	1
據	1
塊	1
屑	1
玼	1
塘	1
腊	1
갠	1
곶	1
🛺	1
ᐔ	1
큣	1
츟	1
鬆	1
؂	1
⬧	1
梧	1
槽	1
	1
弍	1
汾	1
廴	1
汱	1
嗄	1
冒	1
挂	1
懼	1
搬	1
ⷷ	1
𝜬	1
税	1
彪	1
鈐	1
鉴	1
옮	1
冲	1
鎊	1
尿	1
踪	1
榆	1
𓁳	1
ㅟ	1
	1
標	1
	1
ᙩ	1
ﬁ	1
⎣	1
禛	1
茗	1
သ	1
ိ	1
ခ	1
ၤ	1
𓆨	1
勘	1
ὃ	1
ὓ	1
쓔	1
汨	1
襽	1
畸	1
辽	1
劈	1
腿	1
戊	1
엕	1
ᴯ	1
왁	1
倭	1
筝	1
鳃	1
⤶	1
廊	1
燠	1
讓	1
𒀽	1
蝉	1
ᵳ	1
幂	1
嗮	1
⏆	1
⏇	1
ᾦ	1
ጽ	1
፦	1
ᷜ	1
ꑒ	1
🟪	1
眸	1
溌	1
힌	1
蔼	1
嫠	1
蕪	1
콀	1
标	1
핼	1
馒	1
욲	1
ឋ	1
ᇸ	1
䏐	1
᪤	1
铮	1
댛	1
煥	1
联	1
🄘	1
🄣	1
🄒	1
🄞	1
ᆯ	1
ᅳ	1
넝	1
깐	1
娱	1
ᶵ	1
ຜ	1
﹤	1
﹥	1
醫	1
⥘	1
⥔	1
薘	1
酆	1
沛	1
ቶ	1
應	1
ᒣ	1
ᒥ	1
߹	1
摧	1
⨎	1
ஈ	1
ଖ	1
텨	1
ୂ	1
⨃	1
濶	1
播	1
掉	1
௶	1
𐒑	1
茅	1
闯	1
广	1
ᕘ	1
፨	1
惯	1
𒁯	1
𒅗	1
𓀃	1
𐤁	1
닙	1
ﬃ	1
⸘	1
佹	1
愷	1
讠	1
逹	1
瑯	1
启	1
쎼	1
ጡ	1
夷	1
陵	1
㤈	1
勁	1
碼	1
鬯	1
ύ	1
ᐹ	1
整	1
桧	1
ῴ	1
솓	1
긻	1
蚕	1
鼎	1
狀	1
ፎ	1
	1
捨	1
鋲	1
ញ	1
ﾖ	1
캉	1
숨	1
邻	1
쩡	1
蒜	1
ᚓ	1
ᴫ	1
	1
剪	1
掲	1
𐒍	1
𐒄	1
𐒊	1
𐒘	1
➔	1
㏏	1
𒂵	1
𒊏	1
𒊓	1
𐤂	1
𐤑	1
퐆	1
梳	1
쬬	1
ߑ	1
但	1
铪	1
醋	1
𐐬	1
𓆛	1
𓆰	1
搰	1
֟	1
皆	1
仇	1
莺	1
𓅙	1
鈳	1
	1
庶	1
扟	1
怭	1
ヰ	1
ﯼ	1
崢	1
	1
촉	1
⭇	1
⭁	1
ᮖ	1
曠	1
ᓃ	1
㌧	1
𓃤	1
𓁚	1
猞	1
猁	1
議	1
꽤	1
栞	1
🚟	1
ፑ	1
ዬ	1
𐒨	1
𐩯	1
锋	1
苺	1
鯉	1
𗁳	1
𗁷	1
𗁻	1
𗁿	1
𗂃	1
ኦ	1
ኸ	1
ኝ	1
择	1
牝	1
㊌	1
⎁	1
ᒼ	1
ᐨ	1
쥴	1
ꞌ	1
誒	1
懊	1
莿	1
猜	1
ㅚ	1
接	1
鲈	1
㊳	1
⚴	1
괞	1
ٽ	1
햘	1
잳	1
㓚	1
ཬ	1
ӆ	1
凄	1
鲨	1
泠	1
螢	1
饼	1
ᚡ	1
ᥫ	1
諭	1
込	1
	1
⓶	1
腸	1
∍	1
	1
諝	1
丩	1
🛆	1
ଠ	1
怀	1
扰	1
ᘚ	1
渝	1
衫	1
鱻	1
脏	1
	1
嗎	1
🕂	1
饅	1
慮	1
톷	1
	1
⧼	1
咨	1
釋	1
熆	1
妥	1
當	1
덷	1
咳	1
倖	1
覗	1
╈	1
湛	1
儕	1
낫	1
֔	1
ᕔ	1
砒	1
몔	1
큅	1
爰	1
띔	1
릳	1
丆	1
잩	1
൭	1
ﺆ	1
ἥ	1
汎	1
ℶ	1
墙	1
◶	1
⎪	1
욤	1
닼	1
颤	1
ԡ	1
౦	1
驹	1
揺	1
ㅘ	1
棧	1
擁	1
밑	1
鄒	1
⁫	1
።	1
ଙ	1
ଗ	1
퐈	1
	1
ﺚ	1
蓬	1
	1
	1
趋	1
势	1
⎎	1
랻	1
	1
跺	1
斋	1
ᶔ	1
铓	1
噛	1
顎	1
挑	1
驾	1
驶	1
计	1
簿	1
	1
	1
	1
묻	1
ଟ	1
뤃	1
嘆	1
㈩	1
李	1
僚	1
㏆	1
𐤆	1
󾓪	1
᥄	1
𐊏	1
ꪞ	1
济	1
〻	1
ۯ	1
척	1
ᾤ	1
缪	1
ῒ	1
ଽ	1
ޱ	1
>	1
篴	1
賾	1
몯	1
鎔	1
	1
	1
	1
ȸ	1
ៅ	1
	1
뀻	1
ԝ	1
團	1
弭	1
ᙉ	1
蕬	1
⧜	1
肢	1
踏	1
⥥	1
؊	1
렡	1
狹	1
齡	1
﹉	1
	1
献	1
呈	1
臉	1
泺	1
岷	1
뮨	1
	1
刊	1
䷋	1
㎳	1
譜	1
ⱺ	1
⟳	1
짠	1
靠	1
耍	1
賦	1
핻	1
࿕	1
葦	1
ڞ	1
芾	1
킽	1
욪	1
풋	1
肛	1
岱	1
ऌ	1
㕕	1
炅	1
湿	1
ᘀ	1
坝	1
ȣ	1
紬	1
퓰	1
暒	1
毆	1
啃	1
漩	1
肋	1
갿	1
呒	1
ㅞ	1
䔃	1
	1
ྊ	1
𓃽	1
冉	1
胢	1
㽛	1
ؿ	1
⥌	1
⥍	1
⎥	1
馥	1
҇	1
҃	1
鑽	1
肏	1
몆	1
컷	1
𝪈	1
告	1
𐤃	1
闻	1
ꋒ	1
ᔰ	1
ꉅ	1
ଐ	1
೭	1
뛰	1
퀑	1
⠭	1
쳪	1
詳	1
𓂘	1
㈧	1
极	1
ﭘ	1
垫	1
炖	1
峨	1
⸀	1
ܜ	1
琢	1
幗	1
铨	1
핃	1
밖	1
㗊	1
騰	1
𓃲	1
ॽ	1
㎰	1
ތ	1
ኩ	1
⪼	1
ﺿ	1
	1
ᐍ	1
㋮	1
甦	1
階	1
곈	1
撚	1
ꌛ	1
焚	1
닪	1
蕊	1
贪	1
	1
𝞞	1
𝞛	1
𝞒	1
汋	1
𓉡	1
轶	1
雫	1
릯	1
⤭	1
🕀	1
헺	1
갬	1
荧	1
顧	1
鷦	1
估	1
舉	1
捗	1
境	1
	1
훙	1
ﾤ	1
ﾼ	1
ﾢ	1
ꐯ	1
ꮾ	1
ዩ	1
匁	1
犷	1
夊	1
ޒ	1
견	1
𓁏	1
⋨	1
⋩	1
	1
叭	1
刂	1
氵	1
贊	1
ꦧ	1
⨁	1
ᰔ	1
⑆	1
⑈	1
顶	1
㊋	1
⠄	1
𖧽	1
眙	1
屿	1
쏭	1
◷	1
ㄸ	1
局	1
铀	1
终	1
ઁ	1
藺	1
蘄	1
堵	1
莖	1
밝	1
褪	1
貨	1
紋	1
ﺵ	1
𝝰	1
텡	1
貌	1
厄	1
坡	1
％	1
厘	1
酔	1
握	1
淨	1
摊	1
ꜷ	1
捧	1
ᖬ	1
紾	1
穿	1
𓂈	1
笙	1
훌	1
럇	1
附	1
ޞ	1
ޏ	1
ޠ	1
ޣ	1
᷊	1
鞥	1
ᔪ	1
뉸	1
浳	1
娛	1
茢	1
ᶲ	1
摄	1
🀨	1
ಝ	1
ĳ	1
	1
招	1
ꔷ	1
犯	1
酎	1
採	1
𐰚	1
飝	1
枉	1
霒	1
鉑	1
鎌	1
ኪ	1
牡	1
	1
ώ	1
ఋ	1
ڎ	1
ꁊ	1
舛	1
⌢	1
팦	1
ଫ	1
ୡ	1
啡	1
氨	1
⑹	1
𓏣	1
	1
冶	1
苡	1
욧	1
則	1
닡	1
閲	1
ⷮ	1
ⷣ	1
🙛	1
屠	1
랓	1
囿	1
ὢ	1
班	1
患	1
៷	1
넽	1
纾	1
⧑	1
阄	1
녈	1
룹	1
핟	1
蟹	1
⋲	1
翱	1
裳	1
	1
	1
礼	1
떻	1
蔫	1
鞷	1
ᕆ	1
腻	1
隷	1
ᓲ	1
ᓳ	1
뷘	1
	1
齋	1
𐂷	1
𐂵	1
𐃂	1
𐂉	1
𐂐	1
ꙛ	1
ꚑ	1
㣻	1
驊	1
	1
	1
薮	1
颯	1
㎩	1
퍽	1
崟	1
钧	1
ឧ	1
ផ	1
ᇠ	1
ᆵ	1
髮	1
⟵	1
얠	1
忆	1
ۼ	1
亖	1
尖	1
빋	1
ⴋ	1
耘	1
纪	1
忄	1
ᷛ	1
窟	1
擢	1
⍾	1
飢	1
曳	1
沺	1
𖦒	1
宠	1
奸	1
茇	1
ઓ	1
ἤ	1
泄	1
꼼	1
╛	1
	1
ኾ	1
脉	1
搏	1
ⲃ	1
	1
淯	1
鎧	1
倻	1
蠽	1
ⴡ	1
ࠈ	1
옵	1
ㄻ	1
뇸	1
ඉ	1
述	1
濟	1
闵	1
ⱶ	1
㉤	1
㉡	1
韶	1
勓	1
ℷ	1
坑	1
ﻀ	1
諜	1
檜	1
𓅾	1
𓆧	1
뻔	1
秉	1
딕	1
ֿ	1
ꄘ	1
贫	1
慜	1
횻	1
꼉	1
댸	1
㉳	1
⒛	1
⒐	1
	1
	1
ऱ	1
ऒ	1
ᵨ	1
鄉	1
啤	1
켱	1
🖓	1
歴	1
拔	1
	1
墾	1
	1
긍	1
亽	1
洧	1
嗰	1
隔	1
໖	1
🀢	1
⳿	1
樋	1
	1
摔	1
㒍	1
앺	1
팽	1
톨	1
ૄ	1
闷	1
	1
팧	1
針	1
ㄑ	1
堤	1
挀	1
🏣	1
ۀ	1
咿	1
ᮠ	1
ᮘ	1
鞍	1
ᖗ	1
财	1
㎱	1
҅	1
荘	1
ὣ	1
ῄ	1
綪	1
涡	1
𓁾	1
鼷	1
콥	1
鵜	1
叙	1
럄	1
庙	1
╧	1
뭊	1
隻	1
	1
记	1
궂	1
𐩭	1
𐍄	1
頴	1
璟	1
꒭	1
겋	1
‭	1
偦	1
偩	1
ᶃ	1
抒	1
痧	1
锕	1
苧	1
ꈛ	1
ꈚ	1
ڴ	1
	1
ﮞ	1
唉	1
甚	1
⧩	1
	1
	1
漁	1
𖠳	1
ẃ	1
ໝ	1
ຽ	1
⑀	1
웽	1
㊓	1
ﮮ	1
辜	1
	1
鎗	1
컹	1
딬	1
밯	1
艦	1
姝	1
罠	1
텧	1
潅	1
᾽	1
旱	1
劍	1
ඔ	1
输	1
⌿	1
➉	1
经	1
徝	1
쪄	1
羲	1
批	1
⩹	1
⩺	1
濠	1
歓	1
࣮	1
⁳	1
呦	1
喂	1
蜃	1
☵	1
嗣	1
ࢮ	1
ኞ	1
佴	1
ᕓ	1
󾓭	1
𓅈	1
	1
瑳	1
ᅔ	1
ᅕ	1
⼁	1
侧	1
𓀷	1
铉	1
똘	1
륜	1
灌	1
졌	1
ྟ	1
悯	1
𖨆	1
엳	1
冈	1
肩	1
ꝏ	1
剃	1
	1
ᆶ	1
刹	1
㎯	1
吐	1
᣾	1
슘	1
	1
ꁌ	1
ꇎ	1
🜞	1
걱	1
ᨉ	1
ᨀ	1
ᨒ	1
𐤠	1
ᱴ	1
涂	1
𖨡	1
㔾	1
𓀨	1
츼	1
㈇	1
즅	1
ౖ	1
ᵮ	1
妺	1
玶	1
⒔	1
㉲	1
≍	1
ᾐ	1
ጌ	1
餛	1
飩	1
뗭	1
⽍	1
핸	1
ㄦ	1
撐	1
겟	1
൦	1
⁡	1
⁥	1
⁧	1
誌	1
쫓	1
ⱇ	1
鹃	1
ਔ	1
𝛮	1
据	1
ᙚ	1
刪	1
뀰	1
赶	1
댁	1
ዜ	1
	1
㎁	1
홓	1
┠	1
┨	1
腥	1
勰	1
🧆	1
兪	1
	1
ꀰ	1
釘	1
㊤	1
嬅	1
贓	1
゠	1
윽	1
琲	1
	1
￶	1
颈	1
⋖	1
⋗	1
裵	1
ﴢ	1
ᗟ	1
ᖿ	1
≝	1
买	1
咔	1
⤨	1
	1
⇶	1
𐌱	1
澜	1
췬	1
𓅟	1
쒸	1
	1
	1
	1
	1
	1
ﺶ	1
𓄸	1
⎟	1
꿘	1
ﭺ	1
峻	1
㎅	1
੦	1
ﬢ	1
ಫ	1
⦝	1
㉱	1
蚊	1
֢	1
⓮	1
ᚼ	1
哋	1
瞓	1
蜡	1
⏚	1
⧕	1
ᖌ	1
ᖾ	1
ᘈ	1
隋	1
囚	1
⟙	1
⟘	1
탠	1
덮	1
唾	1
撤	1
銷	1
뚀	1
₧	1
繋	1
抗	1
₶	1
侶	1
횸	1
콬	1
༹	1
𓋭	1
虐	1
🕱	1
⢸	1
ꃪ	1
棘	1
祇	1
◸	1
ೊ	1
𓍑	1
𐍉	1
勵	1
虾	1
箭	1
褒	1
ཛྷ	1
ᅭ	1
꜀	1
꜆	1
좃	1
𐄂	1
뎊	1
鳩	1
팕	1
ួ	1
閑	1
앜	1
롷	1
맣	1
렙	1
ꮽ	1
𓁉	1
聲	1
冀	1
⏤	1
윻	1
袁	1
ᔁ	1
控	1
ݺ	1
曖	1
围	1
盲	1
樾	1
ᙦ	1
↥	1
杞	1
	1
雁	1
蒋	1
⡜	1
	1
冤	1
噴	1
䆃	1
ﻶ	1
ﯜ	1
昋	1
ށ	1
彐	1
珈	1
耿	1
玧	1
󠁵	1
󠁡	1
땨	1
螃	1
递	1
俳	1
	1
ῷ	1
ˤ	1
逻	1
辑	1
⦕	1
⦖	1
	1
묙	1
	1
𓁤	1
פּ	1
쩝	1
맇	1
ἓ	1
ᾑ	1
ᆿ	1
ゖ	1
쀼	1
짙	1
	1
ᾃ	1
켕	1
阵	1
聯	1
ߚ	1
𓂍	1
諦	1
鮑	1
級	1
풒	1
뤈	1
ૠ	1
몸	1
ꦕ	1
묨	1
뮽	1
ﮫ	1
釜	1
ഘ	1
𓅷	1
שׁ	1
샹	1
튤	1
閉	1
괸	1
傾	1
潜	1
	1
씯	1
잀	1
岚	1
	1
價	1
蜻	1
蜓	1
딭	1
慨	1
剽	1
咋	1
绥	1
搖	1
ଥ	1
𓏚	1
甥	1
갇	1
🃟	1
헛	1
貪	1
ෑ	1
콕	1
暑	1
昃	1
嶭	1
𝝉	1
𝟊	1
尉	1
伫	1
딧	1
滢	1
紕	1
ﮐ	1
	1
杂	1
囯	1
汽	1
	1
𐒁	1
𐒚	1
𐒆	1
𐒓	1
𐒋	1
𐒔	1
	1
⛐	1
衍	1
橡	1
⎡	1
馄	1
饨	1
⎹	1
瓷	1
駭	1
滿	1
嫊	1
␜	1
젴	1
距	1
⎧	1
⎫	1
⒑	1
걀	1
彙	1
ൺ	1
𒉌	1
𒄑	1
𒊑	1
𒂗	1
陋	1
ˮ	1
ʵ	1
𝛁	1
ꕃ	1
⤿	1
ᴒ	1
塁	1
랏	1
摯	1
갭	1
補	1
𑀫	1
𑀵	1
𑀘	1
𑀼	1
𑀸	1
𑀓	1
𑀭	1
ቁ	1
愿	1
狙	1
侦	1
喧	1
囂	1
ꁂ	1
庸	1
〥	1
벼	1
	1
澳	1
乆	1
區	1
및	1
諹	1
喷	1
榟	1
ἡ	1
	1
룻	1
憩	1
熟	1
款	1
ꦒ	1
𓅦	1
촘	1
遤	1
诫	1
豳	1
飑	1
㘴	1
凭	1
욀	1
嚳	1
圝	1
⡷	1
⏧	1
迂	1
쇄	1
	1
⺑	1
𐋐	1
흙	1
漭	1
毋	1
㳤	1
⳩	1
𝛗	1
놋	1
ዓ	1
뎃	1
೩	1
⊵	1
ళ	1
娄	1
ᒫ	1
ᒌ	1
ﯤ	1
矣	1
ᒲ	1
ⴜ	1
芑	1
氺	1
	1
禁	1
幼	1
瑕	1
셒	1
▙	1
⤚	1
⤙	1
ﮌ	1
몀	1
醇	1
	1
ᴦ	1
썹	1
릉	1
𑀯	1
𑀷	1
𑁄	1
펩	1
높	1
	1
緻	1
〢	1
ᖲ	1
収	1
ꓥ	1
⒖	1
⬶	1
⤅	1
	1
穗	1
핔	1
ﭓ	1
헉	1
㚼	1
瑨	1
≔	1
ᢀ	1
𓅇	1
骆	1
洵	1
ᬘ	1
ᬚ	1
┰	1
𓁝	1
ᾆ	1
⨷	1
携	1
䷈	1
৷	1
係	1
耽	1
랫	1
ៀ	1
♽	1
梟	1
	1
苹	1
잰	1
ᥢ	1
码	1
뀽	1
ﭕ	1
⍊	1
⍎	1
⍏	1
⍕	1
烨	1
癇	1
𓎽	1
溝	1
烽	1
℔	1
冪	1
培	1
掌	1
噌	1
玻	1
鞋	1
迟	1
骂	1
𠘨	1
遐	1
掩	1
ⴏ	1
闹	1
됻	1
ጪ	1
ꙙ	1
ᖵ	1
≁	1
舗	1
勹	1
⁊	1
쳈	1
	1
咆	1
ꑿ	1
ጥ	1
랕	1
	1
养	1
缝	1
跳	1
⍛	1
ዶ	1
樂	1
珞	1
丟	1
虞	1
產	1
ΰ	1
𗂙	1
𗂢	1
낡	1
廻	1
ᦓ	1
캄	1
ꁏ	1
ꂖ	1
𖤛	1
쿙	1
馷	1
琹	1
ጦ	1
骗	1
讨	1
褚	1
ﻵ	1
༣	1
匣	1
♴	1
隶	1
셓	1
捏	1
嬿	1
	1
勻	1
処	1
⤐	1
圓	1
侞	1
磁	1
飲	1
␕	1
评	1
判	1
	1
ᬁ	1
俗	1
ﹲ	1
אּ	1
窠	1
稞	1
灞	1
𒄏	1
⇂	1
侃	1
翎	1
ធ	1
윥	1
璎	1
ꎴ	1
竞	1
场	1
欠	1
ꒌ	1
𓁘	1
	1
菩	1
ᑬ	1
〬	1
寻	1
鑑	1
ॊ	1
ֳ	1
ￎ	1
ゎ	1
數	1
숯	1
翅	1
閆	1
荔	1
邰	1
ᒐ	1
柩	1
였	1
琇	1
옞	1
听	1
涟	1
ﬂ	1
築	1
ۭ	1
宸	1
惊	1
诉	1
课	1
𓊘	1
𓊙	1
웁	1
측	1
蛯	1
ಽ	1
淘	1
祤	1
וּ	1
蕓	1
🗲	1
𖠶	1
烦	1
岰	1
署	1
滔	1
ઌ	1
偼	1
芃	1
纬	1
⠨	1
⠷	1
㣺	1
𓅖	1
퐅	1
ﭪ	1
犇	1
烤	1
	1
ᘡ	1
ᘞ	1
徤	1
蜀	1
㏁	1
窩	1
훋	1
꠸	1
	1
緊	1
🕪	1
🕭	1
腺	1
𓂩	1
沂	1
暫	1
緩	1
ጣ	1
ᵺ	1
鸩	1
刑	1
獸	1
톂	1
퍛	1
霁	1
ﻈ	1
ﱏ	1
헴	1
쑵	1
棠	1
憤	1
绵	1
弩	1
颐	1
≬	1
𐩸	1
ᔣ	1
ᒶ	1
识	1
ᅥ	1
ᅪ	1
⣫	1
녿	1
腕	1
ᥧ	1
蹟	1
戔	1
択	1
࿘	1
效	1
⍌	1
㌻	1
㌦	1
놏	1
ᄐ	1
众	1
卸	1
렠	1
蜘	1
蛛	1
𐩰	1
炳	1
▟	1
⸦	1
楂	1
⋭	1
逍	1
诅	1
咒	1
権	1
ឃ	1
匡	1
붓	1
╶	1
⥇	1
랬	1
⛯	1
ⲫ	1
ⲱ	1
㎇	1
⏛	1
愽	1
畠	1
꩜	1
ﳇ	1
ᙙ	1
濵	1
禾	1
丼	1
ۋ	1
ٚ	1
팁	1
ὕ	1
澯	1
檀	1
⒎	1
伏	1
괭	1
砍	1
䨠	1
熾	1
虑	1
𝝶	1
痺	1
꒗	1
蠃	1
蚌	1
⎘	1
⎚	1
⎇	1
었	1
떨	1
测	1
ᘁ	1
卤	1
󾓥	1
往	1
潍	1
ꪝ	1
弄	1
棋	1
⣠	1
ﮠ	1
	1
탁	1
ᐽ	1
预	1
寡	1
໑	1
	1
㎃	1
蟇	1
𓃞	1
핳	1
ⵟ	1
ⳕ	1
ⳋ	1
ꓓ	1
ሕ	1
ሌ	1
ယ	1
္	1
撲	1
𓊂	1
⎿	1
喘	1
耨	1
𐤐	1
ᖰ	1
ᛰ	1
赜	1
乩	1
੯	1
ච	1
鸚	1
鵡	1
㊖	1
凘	1
芩	1
讽	1
˫	1
𒆙	1
≙	1
핲	1
⸾	1
ࣩ	1
迤	1
喚	1
伂	1
⋠	1
副	1
ꓯ	1
혇	1
뺑	1
ថ	1
࿑	1
篮	1
ʣ	1
𓈓	1
﹖	1
蜥	1
蜴	1
騂	1
腑	1
筷	1
껜	1
㛨	1
⓱	1
ᙆ	1
돚	1
卉	1
續	1
氢	1
ॲ	1
⎱	1
忒	1
엥	1
תּ	1
ꞩ	1
灸	1
챈	1
틸	1
获	1
錡	1
𓎬	1
췐	1
ྈ	1
ꂕ	1
膠	1
拷	1
꒾	1
ኛ	1
ᘳ	1
ᕩ	1
ᒹ	1
	1
ᚍ	1
㊄	1
榊	1
ﻚ	1
	1
ꓙ	1
㮷	1
겅	1
逝	1
欄	1
🏬	1
𝜮	1
𝜡	1
𝜰	1
牵	1
אַ	1
ﬥ	1
𖠰	1
┢	1
┦	1
접	1
⦾	1
琛	1
ᚭ	1
鎖	1
姱	1
盂	1
傘	1
仿	1
繆	1
🈝	1
爛	1
	1
𝜠	1
𝜲	1
秩	1
ᕒ	1
ᓬ	1
쭈	1
଼	1
釉	1
舘	1
𓆕	1
詐	1
欺	1
힡	1
풩	1
𐰜	1
曝	1
ᾓ	1
ᮚ	1
ᮧ	1
ᮄ	1
⁛	1
棚	1
豔	1
ଝ	1
격	1
먐	1
𐇐	1
폐	1
闆	1
﹝	1
﹞	1
號	1
ǣ	1
𝞪	1
弱	1
ሎ	1
隐	1
⎌	1
ᄿ	1
墮	1
潑	1
◨	1
◩	1
値	1
𓏺	1
聽	1
崇	1
喆	1
腄	1
桌	1
婶	1
嶺	1
ଳ	1
⌰	1
␏	1
퇄	1
ⲷ	1
洒	1
𐑣	1
摘	1
摇	1
獵	1
䕒	1
⤝	1
⤞	1
坟	1
⧨	1
ࣰ	1
⥈	1
糎	1
鲍	1
𐒙	1
囲	1
	1
	1
卋	1
	1
𖡼	1
𖤣	1
𖥧	1
歡	1
ﾔ	1
𓃉	1
𐌍	1
𐌆	1
ᾅ	1
늦	1
ᓖ	1
ꓖ	1
ꓲ	1
钝	1
‫	1
ꌇ	1
濬	1
銜	1
賑	1
幣	1
⍃	1
ꇓ	1
矯	1
钮	1
㉵	1
⌎	1
砾	1
⚲	1
棟	1
鬃	1
왱	1
朏	1
乌	1
𐌡	1
匯	1
⺥	1
ᔢ	1
逗	1
複	1
촐	1
ঢ	1
쨕	1
⥾	1
琨	1
鞄	1
椛	1
袖	1
颺	1
﹛	1
﹜	1
팥	1
嘛	1
⸊	1
୩	1
᮫	1
䂀	1
虻	1
쫌	1
툰	1
営	1
ۚ	1
骑	1
🔠	1
⁈	1
戳	1
⟴	1
題	1
嫁	1
薰	1
	1
↾	1
ሣ	1
ዞ	1
擔	1
嬪	1
ۡ	1
⠹	1
鐚	1
ᚎ	1
ሷ	1
⥴	1
⥳	1
╏	1
𝌌	1
읻	1
ඇ	1
ߎ	1
拨	1
趾	1
	1
㋕	1
㋷	1
⧋	1
監	1
嬤	1
⤏	1
葩	1
닭	1
등	1
骯	1
髒	1
⬻	1
⤖	1
🏤	1
ỽ	1
𖥨	1
⧍	1
阜	1
ᬂ	1
섿	1
𒊶	1
︐	1
淚	1
菠	1
𓃔	1
ὀ	1
覆	1
ؖ	1
押	1
碓	1
顽	1
֍	1
ᗭ	1
⠔	1
ཿ	1
祕	1
鐘	1
忻	1
殉	1
瞭	1
࠭	1
݆	1
ᓭ	1
잍	1
𝜢	1
ꐧ	1
涛	1
𓅽	1
⍓	1
𝞐	1
胶	1
𖦉	1
鲤	1
많	1
嚕	1
冊	1
𝝾	1
澁	1
셍	1
𖤉	1
쉣	1
乏	1
晖	1
篇	1
ᡱ	1
⫓	1
⩎	1
⨅	1
ꥇ	1
۬	1
𓀱	1
ຢ	1
沿	1
𓆓	1
〉	1
	1
猷	1
厳	1
鋆	1
璕	1
넋	1
ჸ	1
ᶙ	1
௱	1
틈	1
ጺ	1
ড়	1
𓎭	1
𐎈	1
⑊	1
ꪻ	1
겱	1
詰	1
潆	1
ꀡ	1
겜	1
⺈	1
隨	1
飾	1
喉	1
찹	1
⸱	1
߭	1
㠪	1
𓀇	1
𓀍	1
剥	1
茧	1
邚	1
ᙈ	1
雍	1
⛀	1
𓇓	1
𓍢	1
𓄡	1
𓃩	1
檳	1
ᕯ	1
ٵ	1
ꅔ	1
俠	1
𗂔	1
⎢	1
쨈	1
웩	1
ꓨ	1
ⱑ	1
혈	1
占	1
젼	1
ਢ	1
ﹶ	1
户	1
ﴽ	1
믱	1
ጨ	1
挝	1
挪	1
윸	1
ᑤ	1
ꑓ	1
瀕	1
ⲍ	1
ㅙ	1
𖨑	1
᎑	1
晉	1
𒀀	1
𓃚	1
𖢆	1
켠	1
뱁	1
맵	1
ᘌ	1
畚	1
魋	1
윔	1
잃	1
且	1
𓅀	1
惧	1
맅	1
论	1
﹅	1
݁	1
싷	1
𖡡	1
⌭	1
ⵥ	1
ⴿ	1
ⵘ	1
磯	1
稼	1
跛	1
㊘	1
寄	1
🟊	1
节	1
섯	1
掘	1
ﹴ	1
麪	1
郇	1
⚿	1
ʺ	1
𐩫	1
𐩢	1
撰	1
泓	1
〡	1
柠	1
렸	1
┯	1
⤸	1
ꀦ	1
亥	1
濯	1
𓌳	1
饥	1
徴	1
烸	1
烙	1
穀	1
섨	1
乜	1
牟	1
ᛠ	1
딯	1
𓄻	1
ﷴ	1
৺	1
멮	1
鬍	1
᠁	1
鼐	1
톡	1
ⴌ	1
쩜	1
乗	1
𐌇	1
衶	1
驅	1
逐	1
⤠	1
⤟	1
꼐	1
떄	1
롄	1
쭬	1
숑	1
맷	1
峯	1
	1
ⳤ	1
玹	1
ⵕ	1
⛆	1
擎	1
⧹	1
	1
ↇ	1
錠	1
둑	1
𓁖	1
𓃕	1
锴	1
윹	1
⊧	1
ᕡ	1
⦰	1
县	1
籠	1
ⵚ	1
꺙	1
⑱	1
꽈	1
ꯃ	1
ꯥ	1
ꯀ	1
ꯨ	1
潛	1
ᛙ	1
𐍈	1
붙	1
ㅀ	1
ఖ	1
첩	1
瑤	1
ⵗ	1
伺	1
뮌	1
ꂡ	1
碩	1
腎	1
ഗ	1
삩	1
𐊥	1
ꓢ	1
ꞧ	1
󾓨	1
⟞	1
𝜷	1
蒽	1
鬣	1
ᖫ	1
ᖭ	1
睤	1
靴	1
ⷢ	1
ⷥ	1
믈	1
鄙	1
‟	1
밴	1
ހ	1
曙	1
⥚	1
⥟	1
𝛣	1
౾	1
𓀓	1
飄	1
쓕	1
🄯	1
ળ	1
떴	1
꣩	1
僵	1
셑	1
𓉘	1
𓉝	1
棍	1
鴎	1
髱	1
𐂴	1
㊂	1
𓊗	1
蛟	1
𐱄	1
嘘	1
쫄	1
삘	1
▭	1
𝚶	1
밪	1
璀	1
ﾏ	1
𓄥	1
⋫	1
ᩛ	1
旰	1
ޑ	1
ެ	1
	1
	1
	1
沼	1
鞠	1
謎	1
렞	1
菇	1
펌	1
紳	1
ᝣ	1
툽	1
롴	1
𓏸	1
襦	1
ᥠ	1
ⷡ	1
ᐩ	1
催	1
昼	1
촞	1
𔒌	1
칙	1
ꦦ	1
㉑	1
ꀷ	1
အ	1
်	1
ာ	1
𑂱	1
姃	1
璋	1
몖	1
怎	1
햫	1
杭	1
⦅	1
궬	1
𖠲	1
𝞝	1
戏	1
앚	1
ች	1
灿	1
ߤ	1
喰	1
刔	1
宵	1
☌	1
ퟑ	1
묜	1
囈	1
맽	1
젯	1
꧖	1
ꫜ	1
꩝	1
﹎	1
爭	1
࿙	1
࿚	1
﹘	1
ᤨ	1
煊	1
駐	1
᳝	1
ٞ	1
ֽ	1
֬	1
𓃺	1
ᓕ	1
앵	1
༲	1
ꯆ	1
ꯙ	1
↚	1
ᅣ	1
𓄼	1
𓄹	1
睫	1
ꓴ	1
ꓡ	1
ꓧ	1
앑	1
酿	1
鿄	1
㟼	1
༿	1
𐀀	1
ࠊ	1
ኴ	1
౬	1
ઃ	1
ᏽ	1
ዙ	1
𓊑	1
	1
贰	1
욯	1
弋	1
嵜	1
篆	1
릇	1
ⲹ	1
맀	1
组	1
织	1
领	1
諺	1
ᅲ	1
ⳏ	1
딴	1
⟮	1
⟯	1
⧊	1
挫	1
𓏴	1
𓏰	1
ᴝ	1
𝄩	1
ᓓ	1
⊣	1
⁃	1
꙼	1
𖥦	1
𐄁	1
哭	1
ꏝ	1
⬎	1
ⴺ	1
둉	1
讯	1
玺	1
𖠄	1
엡	1
󠀰	1
󠀱	1
封	1
铎	1
ꐠ	1
⊑	1
𝝣	1
⊒	1
漆	1
⇁	1
溯	1
ꜣ	1
沐	1
绅	1
耻	1
둡	1
⤻	1
训	1
⥐	1
쏜	1
𒋤	1
𒅤	1
뷸	1
委	1
ᛓ	1
𖣴	1
⵿	1
唄	1
蟷	1
螂	1
𓊈	1
𓊉	1
𐄒	1
▖	1
킾	1
ᗨ	1
笹	1
⳱	1
ᚘ	1
盒	1
ڏ	1
룽	1
抿	1
᠙	1
ᤣ	1
᩶	1
ᥨ	1
殼	1
缅	1
甸	1
낌	1
꼰	1
ग़	1
煮	1
ⵁ	1
ޅ	1
ꭉ	1
븡	1
姓	1
틉	1
𝜯	1
ꗋ	1
ږ	1
洮	1
儁	1
◺	1
˰	1
谅	1
妞	1
𝖰	1
剋	1
貰	1
𝆑	1
ᷠ	1
栽	1
	1
	1
帘	1
냉	1
泷	1
衆	1
꧑	1
臂	1
ᜭ	1
緯	1
⤑	1
椅	1
ⰽ	1
ⱆ	1
ⱀ	1
ᛦ	1
𓐅	1
𝚷	1
誘	1
ॅ	1
驥	1
驦	1
躁	1
🎜	1
ヺ	1
𝝟	1
꞉	1
⡈	1
⡠	1
陛	1
냇	1
𝞤	1
ⷬ	1
⤣	1
⤤	1
ᛇ	1
ꪦ	1
⽕	1
⧻	1
畅	1
痙	1
攣	1
叽	1
咕	1
矫	1
ݐ	1
𓃴	1
셂	1
왬	1
𖧧	1
软	1
𖣓	1
盐	1
宴	1
压	1
叹	1
祁	1
🄕	1
🄐	1
🄚	1
鸮	1
⑳	1
妬	1
铛	1
싄	1
络	1
焉	1
ଇ	1
𓂹	1
벅	1
	1
眷	1
倾	1
